title,artist,year,views,url
NFWMB,Hozier,2018,277394,https://genius.com/Hozier-NFWMB-lyrics
My Everything,Ariana Grande,2014,310383,https://genius.com/Ariana-Grande-My-Everything-lyrics
All You Need Is Love,The Beatles,1967,189224,https://genius.com/The-Beatles-All-You-Need-Is-Love-lyrics
Back Down,50 Cent,2003,255475,https://genius.com/50-Cent-Back-Down-lyrics
No Lie,Sean Paul,2016,365793,https://genius.com/Sean-Paul-No-Lie-lyrics
Luving U,6LACK,2016,441964,https://genius.com/6LACK-Luving-U-lyrics
No Scrubs,TLC,1999,228723,https://genius.com/TLC-No-Scrubs-lyrics
These Days,Rudimental,2018,601357,https://genius.com/Rudimental-These-Days-lyrics
Praise the Lord Da Shine,A$AP Rocky,2018,1695740,https://genius.com/AAP-Rocky-Praise-the-Lord-Da-Shine-lyrics
Paradise Extended,Big Sean,2014,825130,https://genius.com/Big-Sean-Paradise-Extended-lyrics
The Plan,G-Eazy,2017,221528,https://genius.com/GEazy-The-Plan-lyrics
Someone You Loved,Lewis Capaldi,2018,3289557,https://genius.com/Lewis-Capaldi-Someone-You-Loved-lyrics
Villuminati,J. Cole,2013,1001411,https://genius.com/J-Cole-Villuminati-lyrics
Supermarket Flowers,Ed Sheeran,2017,1898133,https://genius.com/Ed-Sheeran-Supermarket-Flowers-lyrics
Oblivion,Grimes,2012,421041,https://genius.com/Grimes-Oblivion-lyrics
Impossible,Impossible Lyrics - Travis Scott,2015,500746,https://genius.com/Impossible-Lyrics-Travis-Scott-Impossible-lyrics
Roman Holiday,Halsey,2015,254290,https://genius.com/Halsey-Roman-Holiday-lyrics
Highlights,Kanye West,2016,1162601,https://genius.com/Kanye-West-Highlights-lyrics
Wish You Were Here,Pink Floyd,1975,1884349,https://genius.com/Pink-Floyd-Wish-You-Were-Here-lyrics
RAP DEVIL,Machine Gun Kelly,2018,3307467,https://genius.com/Machine-Gun-Kelly-RAP-DEVIL-lyrics
95 Til Infinity,Joey Bada$$,2013,401240,https://genius.com/Joey-Bada-95-Til-Infinity-lyrics
Bankrupt,Cuban Doll,2017,292769,https://genius.com/Cuban-Doll-Bankrupt-lyrics
Self Control,Frank Ocean,2016,2594390,https://genius.com/Frank-Ocean-Self-Control-lyrics
Do You...,Miguel,2012,276519,https://genius.com/Miguel-Do-You-lyrics
Bambi,Jidenna,2017,453320,https://genius.com/Jidenna-Bambi-lyrics
Burning,Sam Smith,2017,346405,https://genius.com/Sam-Smith-Burning-lyrics
Eyes Nose Lips,Lydia Paek,2014,223182,https://genius.com/Lydia-Paek-Eyes-Nose-Lips-lyrics
Get Back,Pop Smoke,2020,273628,https://genius.com/Pop-Smoke-Get-Back-lyrics
Uptown Puffs,AshCoolBro,2015,212025,https://genius.com/AshCoolBro-Uptown-Puffs-lyrics
The Man,Taylor Swift,2019,831384,https://genius.com/Taylor-Swift-The-Man-lyrics
Ob-La-Di Ob-La-Da,The Beatles,1968,313268,https://genius.com/The-Beatles-ObLaDi-ObLaDa-lyrics
Maybe Its Time,Bradley Cooper,2018,229159,https://genius.com/Bradley-Cooper-Maybe-Its-Time-lyrics
Testify,Rage Against the Machine,1999,197506,https://genius.com/Rage-Against-the-Machine-Testify-lyrics
Obsessed With You,Central Cee,2021,191828,https://genius.com/Central-Cee-Obsessed-With-You-lyrics
Because of You,Kelly Clarkson,2005,290037,https://genius.com/Kelly-Clarkson-Because-of-You-lyrics
Is She Gon Pop,J. Cole,2013,532528,https://genius.com/J-Cole-Is-She-Gon-Pop-lyrics
Starin Through My Rear View,2Pac,1997,303235,https://genius.com/2Pac-Starin-Through-My-Rear-View-lyrics
D.A.M Dats All Me,Fetty Wap,2015,289414,https://genius.com/Fetty-Wap-DAM-Dats-All-Me-lyrics
Left Right,YG,2013,347913,https://genius.com/YG-Left-Right-lyrics
Conscience,Kodak Black,2017,192899,https://genius.com/Kodak-Black-Conscience-lyrics
No Favors,Big Sean,2017,1401816,https://genius.com/Big-Sean-No-Favors-lyrics
Born Sinner,J. Cole,2013,917406,https://genius.com/J-Cole-Born-Sinner-lyrics
Pharsyde,A$AP Rocky,2015,248249,https://genius.com/AAP-Rocky-Pharsyde-lyrics
Dancing with Our Hands Tied,Taylor Swift,2017,534368,https://genius.com/Taylor-Swift-Dancing-with-Our-Hands-Tied-lyrics
Nirvana,Sam Smith,2013,206510,https://genius.com/Sam-Smith-Nirvana-lyrics
Fukk Sleep,A$AP Rocky,2018,528139,https://genius.com/AAP-Rocky-Fukk-Sleep-lyrics
Orphans,Coldplay,2019,316015,https://genius.com/Coldplay-Orphans-lyrics
My Potna Dem,$ilkMoney,2019,345035,https://genius.com/ilkMoney-My-Potna-Dem-lyrics
ESSKEETIT,Lil Pump,2018,945309,https://genius.com/Lil-Pump-ESSKEETIT-lyrics
Suicidal Remix,YNW Melly,2020,705998,https://genius.com/YNW-Melly-Suicidal-Remix-lyrics
High End,Chris Brown,2017,231716,https://genius.com/Chris-Brown-High-End-lyrics
Minnesota Remix,Lil Yachty,2016,386036,https://genius.com/Lil-Yachty-Minnesota-Remix-lyrics
First Burn,Lin-Manuel Miranda,2018,294487,https://genius.com/LinManuel-Miranda-First-Burn-lyrics
Happiness Over Everything H.O.E.,Jhen Aiko,2020,227993,https://genius.com/Jhen-Aiko-Happiness-Over-Everything-HOE-lyrics
Oh Yeah Yeah,Maximilianmus,2019,216501,https://genius.com/Maximilianmus-Oh-Yeah-Yeah-lyrics
Real,NF,2016,344532,https://genius.com/NF-Real-lyrics
Shinitai-chan Miss Wanna-Die,JubyPhonic,2019,427119,https://genius.com/JubyPhonic-Shinitaichan-Miss-WannaDie-lyrics
Freshman List,NAV,2018,202120,https://genius.com/NAV-Freshman-List-lyrics
Odd Look The Weeknd Remix,Kavinsky,2013,490903,https://genius.com/Kavinsky-Odd-Look-The-Weeknd-Remix-lyrics
Win Some Lose Some,Big Sean,2015,218364,https://genius.com/Big-Sean-Win-Some-Lose-Some-lyrics
You Oughta Know,Alanis Morissette,1995,266822,https://genius.com/Alanis-Morissette-You-Oughta-Know-lyrics
BLACKPINK - Kill This Love English Translation,Genius English Translations,2019,729059,https://genius.com/Genius-English-Translations-BLACKPINK-Kill-This-Love-English-Translation-lyrics
Too High,Lil Dicky,2013,208107,https://genius.com/Lil-Dicky-Too-High-lyrics
Show Out,"Kid Cudi, Skepta & Pop Smoke",2020,215830,https://genius.com/Kid-Cudi-Skepta-Pop-Smoke-Show-Out-lyrics
November Rain,Guns N' Roses,1991,530668,https://genius.com/Guns-N-Roses-November-Rain-lyrics
Promises,Jhen Aiko,2014,437656,https://genius.com/Jhen-Aiko-Promises-lyrics
Ride Slow,Russ,2017,399624,https://genius.com/Russ-Ride-Slow-lyrics
Crep Shop,RV,2019,227205,https://genius.com/RV-Crep-Shop-lyrics
The Rains of Castamere,George R. R. Martin,2019,272031,https://genius.com/George-R-R-Martin-The-Rains-of-Castamere-lyrics
God Only Knows,The Beach Boys,1966,267949,https://genius.com/The-Beach-Boys-God-Only-Knows-lyrics
ARE WE STILL FRIENDS?,"Tyler, The Creator",2019,537429,https://genius.com/Tyler-The-Creator-ARE-WE-STILL-FRIENDS-lyrics
Off da Zoinkys,JID,2018,205979,https://genius.com/JID-Off-da-Zoinkys-lyrics
The Way Life Goes,Lil Uzi Vert,2017,1955435,https://genius.com/Lil-Uzi-Vert-The-Way-Life-Goes-lyrics
This Town,Niall Horan,2016,786267,https://genius.com/Niall-Horan-This-Town-lyrics
BTS 방탄소년단 - Blue  Grey English Translation,Genius English Translations,2020,1001782,https://genius.com/Genius-English-Translations-BTS-방탄소년단-Blue-Grey-English-Translation-lyrics
Never Love Again,Eminem,2020,360321,https://genius.com/Eminem-Never-Love-Again-lyrics
Episode 3: Leakin Park,Serial Podcast,2014,190680,https://genius.com/Serial-Podcast-Episode-3-Leakin-Park-lyrics
From Time,Drake,2013,3799321,https://genius.com/Drake-From-Time-lyrics
Wasting Time,Brent Faiyaz,2021,193555,https://genius.com/Brent-Faiyaz-Wasting-Time-lyrics
Can It Be All So Simple / Intermission,Wu-Tang Clan,1993,282307,https://genius.com/WuTang-Clan-Can-It-Be-All-So-Simple-Intermission-lyrics
​la di die,Nessa Barrett,2021,257538,https://genius.com/Nessa-Barrett-​la-di-die-lyrics
Im Sorry,Joyner Lucas,2016,1160556,https://genius.com/Joyner-Lucas-Im-Sorry-lyrics
Get Right Witcha,Migos,2017,711562,https://genius.com/Migos-Get-Right-Witcha-lyrics
2K FREESTYLE,Lazarus! (US),2020,259417,https://genius.com/Lazarus-US-2K-FREESTYLE-lyrics
Hard Feelings/Loveless,Lorde,2017,571775,https://genius.com/Lorde-Hard-FeelingsLoveless-lyrics
Why Are Sundays So Depressing?,The Strokes,2020,273288,https://genius.com/The-Strokes-Why-Are-Sundays-So-Depressing-lyrics
Heather X Eyes Blue Rewrite,Fran Vasili,2020,216812,https://genius.com/Fran-Vasili-Heather-X-Eyes-Blue-Rewrite-lyrics
Help,The Beatles,1965,345226,https://genius.com/The-Beatles-Help-lyrics
Green Light,Lorde,2017,1016734,https://genius.com/Lorde-Green-Light-lyrics
Faint,Linkin Park,2003,214155,https://genius.com/Linkin-Park-Faint-lyrics
I Want to Break Free,Queen,1984,381795,https://genius.com/Queen-I-Want-to-Break-Free-lyrics
Stepping Stone,Eminem,2018,784199,https://genius.com/Eminem-Stepping-Stone-lyrics
Loner,Kali Uchis,2015,348355,https://genius.com/Kali-Uchis-Loner-lyrics
Naked,Ella Mai,2017,315699,https://genius.com/Ella-Mai-Naked-lyrics
Beautiful Trauma,P!nk,2017,307180,https://genius.com/Pnk-Beautiful-Trauma-lyrics
Life Is Good,Future,2020,2231066,https://genius.com/Future-Life-Is-Good-lyrics
Landslide,Fleetwood Mac,1975,651887,https://genius.com/Fleetwood-Mac-Landslide-lyrics
Beast Mode,A Boogie wit da Hoodie,2017,189918,https://genius.com/A-Boogie-wit-da-Hoodie-Beast-Mode-lyrics
Uproar,Lil Wayne,2018,804893,https://genius.com/Lil-Wayne-Uproar-lyrics
JD,A$AP Rocky,2015,236971,https://genius.com/AAP-Rocky-JD-lyrics
Salvatore,Salvatore Lyrics - Lana Del Rey,2015,392743,https://genius.com/Salvatore-Lyrics-Lana-Del-Rey-Salvatore-lyrics
BTS - Tomorrow English Translation,Genius English Translations,2014,289921,https://genius.com/Genius-English-Translations-BTS-Tomorrow-English-Translation-lyrics
Gangsta,Kehlani,2016,776674,https://genius.com/Kehlani-Gangsta-lyrics
This Feeling,The Chainsmokers,2018,622672,https://genius.com/The-Chainsmokers-This-Feeling-lyrics
I Dunno,Tion Wayne,2020,217122,https://genius.com/Tion-Wayne-I-Dunno-lyrics
Watch My Shoes,Lil Wayne,2009,232712,https://genius.com/Lil-Wayne-Watch-My-Shoes-lyrics
Rise,Jonas Blue,2018,686874,https://genius.com/Jonas-Blue-Rise-lyrics
Hello,Adele,2015,5213471,https://genius.com/Adele-Hello-lyrics
Nurses Office,Melanie Martinez,2019,331099,https://genius.com/Melanie-Martinez-Nurses-Office-lyrics
WEIGHT,BROCKHAMPTON,2018,265445,https://genius.com/BROCKHAMPTON-WEIGHT-lyrics
Bad Boy,Juice WRLD & Young Thug,2021,480739,https://genius.com/Juice-WRLD-Young-Thug-Bad-Boy-lyrics
​everybody dies,J. Cole,2016,856466,https://genius.com/J-Cole-​everybody-dies-lyrics
All Along the Watchtower,The Jimi Hendrix Experience,1968,323448,https://genius.com/The-Jimi-Hendrix-Experience-All-Along-the-Watchtower-lyrics
I Can See,Mac Miller,2020,207978,https://genius.com/Mac-Miller-I-Can-See-lyrics
For Emma,Bon Iver,2007,260162,https://genius.com/Bon-Iver-For-Emma-lyrics
Wild Side,Normani,2021,351513,https://genius.com/Normani-Wild-Side-lyrics
Crush,Yuna,2016,213357,https://genius.com/Yuna-Crush-lyrics
Again,Young Thug,2015,497418,https://genius.com/Young-Thug-Again-lyrics
Carry On,XXXTENTACION,2017,1285535,https://genius.com/XXXTENTACION-Carry-On-lyrics
Kill Yourself,Pink Guy,2014,421314,https://genius.com/Pink-Guy-Kill-Yourself-lyrics
Go Stupid,"Polo G, Stunna 4 Vegas & NLE Choppa",2020,365404,https://genius.com/Polo-G-Stunna-4-Vegas-NLE-Choppa-Go-Stupid-lyrics
Walk It Talk It,Migos,2018,1475760,https://genius.com/Migos-Walk-It-Talk-It-lyrics
How Many Drinks? Remix,Miguel,2013,307945,https://genius.com/Miguel-How-Many-Drinks-Remix-lyrics
Yebbas Heartbreak,Drake & YEBBA,2021,223351,https://genius.com/Drake-YEBBA-Yebbas-Heartbreak-lyrics
Blue Tint,Drake,2018,584755,https://genius.com/Drake-Blue-Tint-lyrics
Waka Waka This Time for Africa,Shakira,2010,338045,https://genius.com/Shakira-Waka-Waka-This-Time-for-Africa-lyrics
War Pigs,Black Sabbath,1970,335931,https://genius.com/Black-Sabbath-War-Pigs-lyrics
Ooh Kill Em,Meek Mill,2013,760950,https://genius.com/Meek-Mill-Ooh-Kill-Em-lyrics
Omen,Disclosure,2015,280348,https://genius.com/Disclosure-Omen-lyrics
Revenge,CaptainSparklez,2011,3348066,https://genius.com/CaptainSparklez-Revenge-lyrics
1950,King Princess,2018,1031959,https://genius.com/King-Princess-1950-lyrics
Astronaut in the Ocean,Masked Wolf,2019,649417,https://genius.com/Masked-Wolf-Astronaut-in-the-Ocean-lyrics
The Lazy Song,Bruno Mars,2011,343155,https://genius.com/Bruno-Mars-The-Lazy-Song-lyrics
Daddy Issues,The Neighbourhood,2015,1066562,https://genius.com/The-Neighbourhood-Daddy-Issues-lyrics
Levanter English Ver.,Stray Kids,2020,288693,https://genius.com/Stray-Kids-Levanter-English-Ver-lyrics
Shape of You Stormzy Remix,Ed Sheeran,2017,366060,https://genius.com/Ed-Sheeran-Shape-of-You-Stormzy-Remix-lyrics
Fumes,EDEN,2016,208974,https://genius.com/EDEN-Fumes-lyrics
Arabian Nights 2019,Will Smith,2019,249586,https://genius.com/Will-Smith-Arabian-Nights-2019-lyrics
Call Casting,Migos,2017,478856,https://genius.com/Migos-Call-Casting-lyrics
White Flag,Dido,2003,199005,https://genius.com/Dido-White-Flag-lyrics
Moon River,Frank Ocean,2018,453618,https://genius.com/Frank-Ocean-Moon-River-lyrics
Sorry Not Sorry,Bryson Tiller,2015,1157564,https://genius.com/Bryson-Tiller-Sorry-Not-Sorry-lyrics
Gees,Mac Miller,2013,280018,https://genius.com/Mac-Miller-Gees-lyrics
Love Myself,Hailee Steinfeld,2015,293197,https://genius.com/Hailee-Steinfeld-Love-Myself-lyrics
The Pot,Tool,2006,448862,https://genius.com/Tool-The-Pot-lyrics
Love Me Like You Do,Ellie Goulding,2015,666481,https://genius.com/Ellie-Goulding-Love-Me-Like-You-Do-lyrics
Lovers and Friends,Lil Jon,2004,316940,https://genius.com/Lil-Jon-Lovers-and-Friends-lyrics
Dunno,Mac Miller,2018,362155,https://genius.com/Mac-Miller-Dunno-lyrics
Asshole,Eminem,2013,704320,https://genius.com/Eminem-Asshole-lyrics
My Side,Drake,2015,497009,https://genius.com/Drake-My-Side-lyrics
Peeno Noir,Unbreakable Kimmy Schmidt,2015,214056,https://genius.com/Unbreakable-Kimmy-Schmidt-Peeno-Noir-lyrics
Purple Kisses,A$AP Rocky,2012,210347,https://genius.com/AAP-Rocky-Purple-Kisses-lyrics
When You Love Someone,James TW,2016,281906,https://genius.com/James-TW-When-You-Love-Someone-lyrics
Make Me Feel,Janelle Mone,2018,277679,https://genius.com/Janelle-Mone-Make-Me-Feel-lyrics
Girls / Girls / Boys,Panic! at the Disco,2013,425830,https://genius.com/Panic-at-the-Disco-Girls-Girls-Boys-lyrics
K/DA - POP/STARS Romanized,Genius Romanizations,2018,313603,https://genius.com/Genius-Romanizations-KDA-POPSTARS-Romanized-lyrics
Television / So Far So Good,Rex Orange County,2017,406069,https://genius.com/Rex-Orange-County-Television-So-Far-So-Good-lyrics
BTS - Pied Piper English Translation,Genius English Translations,2017,1082916,https://genius.com/Genius-English-Translations-BTS-Pied-Piper-English-Translation-lyrics
Reminder,The Weeknd,2016,3118417,https://genius.com/The-Weeknd-Reminder-lyrics
8 Mile,Eminem,2002,612281,https://genius.com/Eminem-8-Mile-lyrics
In Your Eyes Remix,The Weeknd,2020,209697,https://genius.com/The-Weeknd-In-Your-Eyes-Remix-lyrics
All Dat,Moneybagg Yo & Megan Thee Stallion,2019,234240,https://genius.com/Moneybagg-Yo-Megan-Thee-Stallion-All-Dat-lyrics
How to Love,Lil Wayne,2011,623658,https://genius.com/Lil-Wayne-How-to-Love-lyrics
By the Way,Red Hot Chili Peppers,2002,280006,https://genius.com/Red-Hot-Chili-Peppers-By-the-Way-lyrics
NEW ORLEANS,BROCKHAMPTON,2018,345855,https://genius.com/BROCKHAMPTON-NEW-ORLEANS-lyrics
BTS - 00:00 Zero OClock English Translation,Genius English Translations,2020,802237,https://genius.com/Genius-English-Translations-BTS-0000-Zero-OClock-English-Translation-lyrics
CLOUT COBAIN | CLOUT CO13A1N,Denzel Curry,2018,705703,https://genius.com/Denzel-Curry-CLOUT-COBAIN-CLOUT-CO13A1N-lyrics
She Looks So Perfect,5 Seconds of Summer,2014,705993,https://genius.com/5-Seconds-of-Summer-She-Looks-So-Perfect-lyrics
​asmr,21 Savage,2018,312567,https://genius.com/21-Savage-​asmr-lyrics
Colors,Halsey,2015,1324094,https://genius.com/Halsey-Colors-lyrics
Love You Like a Love Song,Selena Gomez & The Scene,2011,206348,https://genius.com/Selena-Gomez-The-Scene-Love-You-Like-a-Love-Song-lyrics
Wither,Frank Ocean,2016,267706,https://genius.com/Frank-Ocean-Wither-lyrics
JUGGERNAUT,"Tyler, The Creator",2021,407787,https://genius.com/Tyler-The-Creator-JUGGERNAUT-lyrics
Canceled,Bryson Tiller,2018,211009,https://genius.com/Bryson-Tiller-Canceled-lyrics
Cant Take My Eyes Off You,Frankie Valli,1967,1243780,https://genius.com/Frankie-Valli-Cant-Take-My-Eyes-Off-You-lyrics
Middle,DJ Snake,2015,549025,https://genius.com/DJ-Snake-Middle-lyrics
Do It Myself,Russ,2015,402266,https://genius.com/Russ-Do-It-Myself-lyrics
151 Rum,JID,2018,576729,https://genius.com/JID-151-Rum-lyrics
WingRiddenAngel,XXXTENTACION,2015,966831,https://genius.com/XXXTENTACION-WingRiddenAngel-lyrics
Drew Barrymore,SZA,2017,1215374,https://genius.com/SZA-Drew-Barrymore-lyrics
4 Walls,VEDO,2015,255061,https://genius.com/VEDO-4-Walls-lyrics
Hate Me,Blue October,2006,285571,https://genius.com/Blue-October-Hate-Me-lyrics
Best Friend,Saweetie,2021,577245,https://genius.com/Saweetie-Best-Friend-lyrics
Audacity,Stormzy,2019,203876,https://genius.com/Stormzy-Audacity-lyrics
Audubon,$UICIDEBOY$,2017,288506,https://genius.com/UICIDEBOY-Audubon-lyrics
Agust D - 사람 People English Translation,Genius English Translations,2020,358139,https://genius.com/Genius-English-Translations-Agust-D-사람-People-English-Translation-lyrics
Bury the Light,Casey Edwards,2020,299450,https://genius.com/Casey-Edwards-Bury-the-Light-lyrics
WHEN I WAS OLDER,Billie Eilish,2019,321072,https://genius.com/Billie-Eilish-WHEN-I-WAS-OLDER-lyrics
Feels Like Summer,Childish Gambino,2018,594211,https://genius.com/Childish-Gambino-Feels-Like-Summer-lyrics
Gang With Me,Polo G,2018,238756,https://genius.com/Polo-G-Gang-With-Me-lyrics
DJ Snake - Taki Taki ft. Ozuna Cardi B  Selena Gomez English Translation,Genius English Translations,2018,604732,https://genius.com/Genius-English-Translations-DJ-Snake-Taki-Taki-ft-Ozuna-Cardi-B-Selena-Gomez-English-Translation-lyrics
Change Locations,Change Locations Lyrics - Drake & Future,2015,676626,https://genius.com/Change-Locations-Lyrics-Drake-Future-Change-Locations-lyrics
Darkside/Gone,Darkside/Gone Lyrics - Dr. Dre,2015,262279,https://genius.com/DarksideGone-Lyrics-Dr-Dre-DarksideGone-lyrics
Semi on Em,Gucci Mane & Chief Keef,2014,241463,https://genius.com/Gucci-Mane-Chief-Keef-Semi-on-Em-lyrics
Side To Side,Ariana Grande,2016,2907737,https://genius.com/Ariana-Grande-Side-To-Side-lyrics
Who Want Smoke?? Remix,Nardo Wick,2021,654095,https://genius.com/Nardo-Wick-Who-Want-Smoke-Remix-lyrics
The Moment,Tame Impala,2015,220481,https://genius.com/Tame-Impala-The-Moment-lyrics
Whitehouse Road,Tyler Childers,2017,196935,https://genius.com/Tyler-Childers-Whitehouse-Road-lyrics
Deja Vu,Post Malone,2016,947063,https://genius.com/Post-Malone-Deja-Vu-lyrics
Favorite Bitch,Eminem,2020,189637,https://genius.com/Eminem-Favorite-Bitch-lyrics
LAnd of the Snakes,J. Cole,2013,738716,https://genius.com/J-Cole-LAnd-of-the-Snakes-lyrics
Of Mice and Men: Chapter 4,John Steinbeck,1937,426649,https://genius.com/John-Steinbeck-Of-Mice-and-Men-Chapter-4-lyrics
Ether,Nas,2001,1577304,https://genius.com/Nas-Ether-lyrics
ULTIMATE,Denzel Curry,2015,3629684,https://genius.com/Denzel-Curry-ULTIMATE-lyrics
Takin Shots,Post Malone,2018,307409,https://genius.com/Post-Malone-Takin-Shots-lyrics
Nikki,Logic,2014,1101814,https://genius.com/Logic-Nikki-lyrics
Poles 1469,Trippie Redd & 6ix9ine,2017,713810,https://genius.com/Trippie-Redd-6ix9ine-Poles-1469-lyrics
Black Friday,Black Friday Lyrics - J. Cole,2015,665800,https://genius.com/Black-Friday-Lyrics-J-Cole-Black-Friday-lyrics
Grown Up,Danny Brown,2012,262706,https://genius.com/Danny-Brown-Grown-Up-lyrics
July,Jhen Aiko,2011,262726,https://genius.com/Jhen-Aiko-July-lyrics
Swang Remix,Travis Scott,2016,202932,https://genius.com/Travis-Scott-Swang-Remix-lyrics
Infinite,Eminem,1996,760694,https://genius.com/Eminem-Infinite-lyrics
Dark Clouds,Rod Wave,2019,208428,https://genius.com/Rod-Wave-Dark-Clouds-lyrics
Got My Mind Made Up,2Pac,1996,227392,https://genius.com/2Pac-Got-My-Mind-Made-Up-lyrics
Juice,Yo Gotti,2017,409767,https://genius.com/Yo-Gotti-Juice-lyrics
Savage Love Laxed - Siren Beat,Jawsh 685 & Jason Derulo,2020,270393,https://genius.com/Jawsh-685-Jason-Derulo-Savage-Love-Laxed-Siren-Beat-lyrics
Like I Do,Witt Lowry,2014,295892,https://genius.com/Witt-Lowry-Like-I-Do-lyrics
Thank Me Now,Drake,2010,372215,https://genius.com/Drake-Thank-Me-Now-lyrics
APESHIT,THE CARTERS,2018,2370984,https://genius.com/THE-CARTERS-APESHIT-lyrics
Skin,Rag'n'Bone Man,2017,344307,https://genius.com/RagnBone-Man-Skin-lyrics
Neon Guts,Lil Uzi Vert,2017,839249,https://genius.com/Lil-Uzi-Vert-Neon-Guts-lyrics
Enemy,The Weeknd,2012,575417,https://genius.com/The-Weeknd-Enemy-lyrics
Save Your Tears,The Weeknd,2020,1536269,https://genius.com/The-Weeknd-Save-Your-Tears-lyrics
Shameless,Camila Cabello,2019,535642,https://genius.com/Camila-Cabello-Shameless-lyrics
BOL4 - 나의 사춘기에게 To My Youth English Translation,Genius English Translations,2017,194521,https://genius.com/Genius-English-Translations-BOL4-나의-사춘기에게-To-My-Youth-English-Translation-lyrics
2 Bitches Danny Glover,Young Thug,2013,782214,https://genius.com/Young-Thug-2-Bitches-Danny-Glover-lyrics
4 Seasons,Rex Orange County,2017,187606,https://genius.com/Rex-Orange-County-4-Seasons-lyrics
The Only Exception,Paramore,2009,404643,https://genius.com/Paramore-The-Only-Exception-lyrics
What a Feeling,One Direction,2015,258363,https://genius.com/One-Direction-What-a-Feeling-lyrics
CYANIDE,Daniel Caesar,2019,253739,https://genius.com/Daniel-Caesar-CYANIDE-lyrics
Fade Into You,Mazzy Star,1994,699453,https://genius.com/Mazzy-Star-Fade-Into-You-lyrics
Perfect Circle / God Speed,Perfect Circle / God Speed Lyrics - Mac Miller,2015,386854,https://genius.com/Perfect-Circle-God-Speed-Lyrics-Mac-Miller-Perfect-Circle-God-Speed-lyrics
Marshall Mathers,Eminem,2000,1064086,https://genius.com/Eminem-Marshall-Mathers-lyrics
Heaven,Julia Michaels,2018,442532,https://genius.com/Julia-Michaels-Heaven-lyrics
Baby Came Home 2 / Valentines,The Neighbourhood,2015,199381,https://genius.com/The-Neighbourhood-Baby-Came-Home-2-Valentines-lyrics
ROS,Mac Miller,2015,438464,https://genius.com/Mac-Miller-ROS-lyrics
Body,Russ Millions & Tion Wayne,2021,389040,https://genius.com/Russ-Millions-Tion-Wayne-Body-lyrics
Nights Like This,Kehlani,2019,665071,https://genius.com/Kehlani-Nights-Like-This-lyrics
Lifestyle,Rich Gang,2014,3575694,https://genius.com/Rich-Gang-Lifestyle-lyrics
Thunderclouds,LSD,2018,1072100,https://genius.com/LSD-Thunderclouds-lyrics
Unfair,6LACK,2018,232493,https://genius.com/6LACK-Unfair-lyrics
​my exs best friend,Machine Gun Kelly & blackbear,2020,419238,https://genius.com/Machine-Gun-Kelly-blackbear-​my-exs-best-friend-lyrics
Futura Free,Frank Ocean,2016,906229,https://genius.com/Frank-Ocean-Futura-Free-lyrics
Night Job,Bas,2015,320869,https://genius.com/Bas-Night-Job-lyrics
HOT WIND BLOWS,"Tyler, The Creator",2021,281847,https://genius.com/Tyler-The-Creator-HOT-WIND-BLOWS-lyrics
Rollin,Calvin Harris,2017,520474,https://genius.com/Calvin-Harris-Rollin-lyrics
Objects In the Mirror,Mac Miller,2013,835597,https://genius.com/Mac-Miller-Objects-In-the-Mirror-lyrics
Out Getting Ribs,King Krule,2013,212301,https://genius.com/King-Krule-Out-Getting-Ribs-lyrics
Drew Barrymore,Bryce Vine,2017,410132,https://genius.com/Bryce-Vine-Drew-Barrymore-lyrics
Ride for My Niggas Sky is the Limit,Lil Wayne,2007,252871,https://genius.com/Lil-Wayne-Ride-for-My-Niggas-Sky-is-the-Limit-lyrics
​the ends,Travis Scott,2016,896326,https://genius.com/Travis-Scott-​the-ends-lyrics
Far Over The Misty Mountains Cold Full Version,J. R. R. Tolkien,2013,439407,https://genius.com/J-R-R-Tolkien-Far-Over-The-Misty-Mountains-Cold-Full-Version-lyrics
BTS - 작은 것들을 위한 시 Boy With Luv ft. Halsey English Translation,Genius English Translations,2019,1036456,https://genius.com/Genius-English-Translations-BTS-작은-것들을-위한-시-Boy-With-Luv-ft-Halsey-English-Translation-lyrics
BTS - IDOL English Translation,Genius English Translations,2018,630540,https://genius.com/Genius-English-Translations-BTS-IDOL-English-Translation-lyrics
Im Different,2 Chainz,2012,1887239,https://genius.com/2-Chainz-Im-Different-lyrics
Wait a Minute,WILLOW,2015,958664,https://genius.com/WILLOW-Wait-a-Minute-lyrics
Right Now,Right Now Lyrics - Uncle Murda,2015,508747,https://genius.com/Right-Now-Lyrics-Uncle-Murda-Right-Now-lyrics
If We Have Each Other,Alec Benjamin,2018,231632,https://genius.com/Alec-Benjamin-If-We-Have-Each-Other-lyrics
West Coast,Lana Del Rey,2014,911305,https://genius.com/Lana-Del-Rey-West-Coast-lyrics
The Plan,Wiz Khalifa,2012,248000,https://genius.com/Wiz-Khalifa-The-Plan-lyrics
Held Me Down,NAV & Metro Boomin,2017,301967,https://genius.com/NAV-Metro-Boomin-Held-Me-Down-lyrics
Feel No Ways,Drake,2016,1632170,https://genius.com/Drake-Feel-No-Ways-lyrics
Fight the Power,Public Enemy,1989,528231,https://genius.com/Public-Enemy-Fight-the-Power-lyrics
Moon River,Audrey Hepburn,1961,584854,https://genius.com/Audrey-Hepburn-Moon-River-lyrics
Still Don’t Know My Name,Labrinth,2019,213990,https://genius.com/Labrinth-Still-Don’t-Know-My-Name-lyrics
Youre a Mean One Mr. Grinch,Dr. Seuss,1966,1102490,https://genius.com/Dr-Seuss-Youre-a-Mean-One-Mr-Grinch-lyrics
The Night Is Still Young,Nicki Minaj,2015,202326,https://genius.com/Nicki-Minaj-The-Night-Is-Still-Young-lyrics
I Think He Knows,Taylor Swift,2019,524269,https://genius.com/Taylor-Swift-I-Think-He-Knows-lyrics
Four Out of Five,Arctic Monkeys,2018,546311,https://genius.com/Arctic-Monkeys-Four-Out-of-Five-lyrics
U.O.E.N.O.,Black Hippy,2013,832167,https://genius.com/Black-Hippy-UOENO-lyrics
Blonde Boyz,Cyndago,2015,443262,https://genius.com/Cyndago-Blonde-Boyz-lyrics
Sooner Than Later,Drake,2009,193769,https://genius.com/Drake-Sooner-Than-Later-lyrics
Heavens EP,Dreamville & J. Cole,2021,208807,https://genius.com/Dreamville-J-Cole-Heavens-EP-lyrics
Cant Have Everything,Drake,2017,631252,https://genius.com/Drake-Cant-Have-Everything-lyrics
Tears In The Rain,The Weeknd,2013,490288,https://genius.com/The-Weeknd-Tears-In-The-Rain-lyrics
INTRO,DaBaby,2019,421844,https://genius.com/DaBaby-INTRO-lyrics
Avian,Mac Miller,2013,254507,https://genius.com/Mac-Miller-Avian-lyrics
​i Single Version,Kendrick Lamar,2014,452807,https://genius.com/Kendrick-Lamar-​i-Single-Version-lyrics
All Girls Are the Same,Juice WRLD,2017,2145632,https://genius.com/Juice-WRLD-All-Girls-Are-the-Same-lyrics
Yayo,Snootie Wild,2013,208868,https://genius.com/Snootie-Wild-Yayo-lyrics
Its Not Like I Like You,Static-P,2016,419149,https://genius.com/StaticP-Its-Not-Like-I-Like-You-lyrics
Sit Still Look Pretty,Daya,2015,266703,https://genius.com/Daya-Sit-Still-Look-Pretty-lyrics
Exodus,$UICIDEBOY$,2015,342132,https://genius.com/UICIDEBOY-Exodus-lyrics
All the Way Up,Fat Joe & Remy Ma,2016,584434,https://genius.com/Fat-Joe-Remy-Ma-All-the-Way-Up-lyrics
Back Then,Mike Jones,2005,235684,https://genius.com/Mike-Jones-Back-Then-lyrics
Daylight,Joji & Diplo,2020,284219,https://genius.com/Joji-Diplo-Daylight-lyrics
People You Know,Selena Gomez,2020,188873,https://genius.com/Selena-Gomez-People-You-Know-lyrics
Hide,Juice WRLD,2018,343590,https://genius.com/Juice-WRLD-Hide-lyrics
Gang Gang,Moneybagg Yo & Yo Gotti,2016,204323,https://genius.com/Moneybagg-Yo-Yo-Gotti-Gang-Gang-lyrics
​better off,Ariana Grande,2018,746126,https://genius.com/Ariana-Grande-​better-off-lyrics
​peace,Taylor Swift,2020,914865,https://genius.com/Taylor-Swift-​peace-lyrics
I Gave You Power,Nas,1996,208151,https://genius.com/Nas-I-Gave-You-Power-lyrics
Follow God,Kanye West,2019,912734,https://genius.com/Kanye-West-Follow-God-lyrics
Your Song,Parokya Ni Edgar,2014,543526,https://genius.com/Parokya-Ni-Edgar-Your-Song-lyrics
Hey Ya,OutKast,2003,1801110,https://genius.com/OutKast-Hey-Ya-lyrics
Crossfire,Stephen,2015,374151,https://genius.com/Stephen-Crossfire-lyrics
I Got 5 on It,Luniz,1995,982616,https://genius.com/Luniz-I-Got-5-on-It-lyrics
3:15,Bazzi,2018,254872,https://genius.com/Bazzi-315-lyrics
Realer,Megan Thee Stallion,2019,189239,https://genius.com/Megan-Thee-Stallion-Realer-lyrics
Heard Em Say,Kanye West,2005,608685,https://genius.com/Kanye-West-Heard-Em-Say-lyrics
Treat You Better,Shawn Mendes,2016,1263410,https://genius.com/Shawn-Mendes-Treat-You-Better-lyrics
Chosen 1,Polo G,2019,309706,https://genius.com/Polo-G-Chosen-1-lyrics
Liar,BigKlit,2019,241206,https://genius.com/BigKlit-Liar-lyrics
UNAMEITCHALLENGE Thanksgiving Church Remix,DJ Suede The Remix God,2016,298821,https://genius.com/DJ-Suede-The-Remix-God-UNAMEITCHALLENGE-Thanksgiving-Church-Remix-lyrics
Ruthless,Marmar Oso,2018,222487,https://genius.com/Marmar-Oso-Ruthless-lyrics
Addict With a Pen,twenty one pilots,2009,303185,https://genius.com/twenty-one-pilots-Addict-With-a-Pen-lyrics
Alphabet Boy,Melanie Martinez,2015,302015,https://genius.com/Melanie-Martinez-Alphabet-Boy-lyrics
Dick,StarBoi3,2019,1057799,https://genius.com/StarBoi3-Dick-lyrics
BPT,YG,2014,290226,https://genius.com/YG-BPT-lyrics
The Way I Am,Charlie Puth,2018,333204,https://genius.com/Charlie-Puth-The-Way-I-Am-lyrics
Who Knows,Protoje,2014,188813,https://genius.com/Protoje-Who-Knows-lyrics
Rice Balls,Pink Guy,2015,252373,https://genius.com/Pink-Guy-Rice-Balls-lyrics
Cat  Dog English Version,TOMORROW X TOGETHER,2019,314616,https://genius.com/TOMORROW-X-TOGETHER-Cat-Dog-English-Version-lyrics
High for This,The Weeknd,2011,797894,https://genius.com/The-Weeknd-High-for-This-lyrics
Believe What I Say,Kanye West,2021,539520,https://genius.com/Kanye-West-Believe-What-I-Say-lyrics
Creep,Radiohead,1992,1869297,https://genius.com/Radiohead-Creep-lyrics
Good Grief,Bastille,2016,387073,https://genius.com/Bastille-Good-Grief-lyrics
Under the Bridge,Red Hot Chili Peppers,1991,955268,https://genius.com/Red-Hot-Chili-Peppers-Under-the-Bridge-lyrics
Yellow Submarine,The Beatles,1966,279127,https://genius.com/The-Beatles-Yellow-Submarine-lyrics
You,Jacquees,2018,359355,https://genius.com/Jacquees-You-lyrics
Everybodys Something,Chance the Rapper,2013,735251,https://genius.com/Chance-the-Rapper-Everybodys-Something-lyrics
Heart of Stone,SIX Cast,2018,199344,https://genius.com/SIX-Cast-Heart-of-Stone-lyrics
Buddy Holly,Weezer,1994,763421,https://genius.com/Weezer-Buddy-Holly-lyrics
Moves Like Jagger,Maroon 5,2011,222850,https://genius.com/Maroon-5-Moves-Like-Jagger-lyrics
The Reynolds Pamphlet,Original Broadway Cast of Hamilton,2015,991845,https://genius.com/Original-Broadway-Cast-of-Hamilton-The-Reynolds-Pamphlet-lyrics
​motive,Ariana Grande & Doja Cat,2020,628309,https://genius.com/Ariana-Grande-Doja-Cat-​motive-lyrics
Black Magic,Eminem & Skylar Grey,2020,278548,https://genius.com/Eminem-Skylar-Grey-Black-Magic-lyrics
About a Girl,Nirvana,1989,366057,https://genius.com/Nirvana-About-a-Girl-lyrics
WEST DISTRICT,PARTYNEXTDOOR,2014,460906,https://genius.com/PARTYNEXTDOOR-WEST-DISTRICT-lyrics
End/Golden Girl,Frank Ocean,2012,434020,https://genius.com/Frank-Ocean-EndGolden-Girl-lyrics
Freak No More,Migos,2014,381220,https://genius.com/Migos-Freak-No-More-lyrics
Scars to Your Beautiful,Alessia Cara,2015,1201209,https://genius.com/Alessia-Cara-Scars-to-Your-Beautiful-lyrics
​short kings anthem,blackbear & Tiny Meat Gang,2019,207154,https://genius.com/blackbear-Tiny-Meat-Gang-​short-kings-anthem-lyrics
Try Me,The Weeknd,2018,1013688,https://genius.com/The-Weeknd-Try-Me-lyrics
Let Me,ZAYN,2018,708950,https://genius.com/ZAYN-Let-Me-lyrics
Hit Different,SZA,2020,419340,https://genius.com/SZA-Hit-Different-lyrics
Im Gone,Tyga,2012,248520,https://genius.com/Tyga-Im-Gone-lyrics
Only the Brave,Louis Tomlinson,2020,463833,https://genius.com/Louis-Tomlinson-Only-the-Brave-lyrics
Rolling in the Deep,Adele,2010,1130043,https://genius.com/Adele-Rolling-in-the-Deep-lyrics
Wrist,Chris Brown,2015,326506,https://genius.com/Chris-Brown-Wrist-lyrics
Heroin,The Velvet Underground,1967,235796,https://genius.com/The-Velvet-Underground-Heroin-lyrics
All I Need Remix,Method Man,1995,431572,https://genius.com/Method-Man-All-I-Need-Remix-lyrics
Marsh,Eminem,2020,544805,https://genius.com/Eminem-Marsh-lyrics
The Worst,Jhen Aiko,2013,2011802,https://genius.com/Jhen-Aiko-The-Worst-lyrics
The Show Goes On,Lupe Fiasco,2010,284586,https://genius.com/Lupe-Fiasco-The-Show-Goes-On-lyrics
For However Long,Bryson Tiller,2015,292260,https://genius.com/Bryson-Tiller-For-However-Long-lyrics
For the Last Time,$UICIDEBOY$,2017,536163,https://genius.com/UICIDEBOY-For-the-Last-Time-lyrics
Easily,Bruno Major,2016,355764,https://genius.com/Bruno-Major-Easily-lyrics
Bands,Comethazine,2018,372231,https://genius.com/Comethazine-Bands-lyrics
Babys on Fire,Die Antwoord,2012,221965,https://genius.com/Die-Antwoord-Babys-on-Fire-lyrics
Doses  Mimosas,Cherub,2012,346317,https://genius.com/Cherub-Doses-Mimosas-lyrics
Plastic Bag,Drake & Future,2015,517119,https://genius.com/Drake-Future-Plastic-Bag-lyrics
Main Chick,Kid Ink,2014,219754,https://genius.com/Kid-Ink-Main-Chick-lyrics
Mural,Lupe Fiasco,2015,601840,https://genius.com/Lupe-Fiasco-Mural-lyrics
Sober II Melodrama,Lorde,2017,427455,https://genius.com/Lorde-Sober-II-Melodrama-lyrics
So Appalled,Kanye West,2010,1511656,https://genius.com/Kanye-West-So-Appalled-lyrics
Never Be Like You,Flume,2016,922756,https://genius.com/Flume-Never-Be-Like-You-lyrics
BLACK EFFECT,THE CARTERS,2018,399696,https://genius.com/THE-CARTERS-BLACK-EFFECT-lyrics
Lemonade,Internet Money,2020,1437713,https://genius.com/Internet-Money-Lemonade-lyrics
The Box,Roddy Ricch,2019,3260164,https://genius.com/Roddy-Ricch-The-Box-lyrics
Solar Eclipse,YoungBoy Never Broke Again,2017,608135,https://genius.com/YoungBoy-Never-Broke-Again-Solar-Eclipse-lyrics
Tropical,SL,2017,229194,https://genius.com/SL-Tropical-lyrics
Juicy,Doja Cat & Tyga,2019,251319,https://genius.com/Doja-Cat-Tyga-Juicy-lyrics
444222,Lil Uzi Vert,2017,385178,https://genius.com/Lil-Uzi-Vert-444222-lyrics
Strawberry Fields Forever,The Beatles,1967,460501,https://genius.com/The-Beatles-Strawberry-Fields-Forever-lyrics
Criminal,Eminem,2000,987838,https://genius.com/Eminem-Criminal-lyrics
Streets,Doja Cat,2019,663279,https://genius.com/Doja-Cat-Streets-lyrics
Zero,Imagine Dragons,2018,274992,https://genius.com/Imagine-Dragons-Zero-lyrics
Hit Em Up,2Pac,1996,3604497,https://genius.com/2Pac-Hit-Em-Up-lyrics
WAKA,6ix9ine,2018,462399,https://genius.com/6ix9ine-WAKA-lyrics
India,Lil Durk,2017,435003,https://genius.com/Lil-Durk-India-lyrics
Nasty Freestyle,T-Wayne,2015,2505192,https://genius.com/TWayne-Nasty-Freestyle-lyrics
FLY,Hopsin,2015,211691,https://genius.com/Hopsin-FLY-lyrics
Drive,The Cars,1984,322200,https://genius.com/The-Cars-Drive-lyrics
​for him.,for him. Lyrics - Troye Sivan,2015,269537,https://genius.com/for-him-Lyrics-Troye-Sivan-​for-him-lyrics
Alone,Marshmello,2016,823228,https://genius.com/Marshmello-Alone-lyrics
2U Cover,Jung Kook (),2017,315902,https://genius.com/Jung-Kook-2U-Cover-lyrics
Radio Ga Ga,Queen,1984,597782,https://genius.com/Queen-Radio-Ga-Ga-lyrics
Nobody Likes Me Guess Ill Go Eat Worms,Children Songs,2017,228381,https://genius.com/Children-Songs-Nobody-Likes-Me-Guess-Ill-Go-Eat-Worms-lyrics
​traitor,Olivia Rodrigo,2021,1108131,https://genius.com/Olivia-Rodrigo-​traitor-lyrics
White Wedding,Billy Idol,1982,213947,https://genius.com/Billy-Idol-White-Wedding-lyrics
Better Man,Little Big Town,2016,328650,https://genius.com/Little-Big-Town-Better-Man-lyrics
SLS,PARTYNEXTDOOR,2014,235978,https://genius.com/PARTYNEXTDOOR-SLS-lyrics
5 Star,Lil Wayne,2017,298653,https://genius.com/Lil-Wayne-5-Star-lyrics
Hang in There Baby,Bridgit Mendler,2010,275823,https://genius.com/Bridgit-Mendler-Hang-in-There-Baby-lyrics
Stir Fry,Migos,2017,1345699,https://genius.com/Migos-Stir-Fry-lyrics
Yoga,Janelle Mone & Jidenna,2015,237516,https://genius.com/Janelle-Mone-Jidenna-Yoga-lyrics
Frank Oceans Open Letter on Tumblr,Frank Ocean,2013,477185,https://genius.com/Frank-Ocean-Frank-Oceans-Open-Letter-on-Tumblr-lyrics
SISTER/NATION,BROCKHAMPTON,2017,338733,https://genius.com/BROCKHAMPTON-SISTERNATION-lyrics
Meditate,EARTHGANG,2017,240418,https://genius.com/EARTHGANG-Meditate-lyrics
SLOW DANCING IN THE DARK,Joji,2018,2665338,https://genius.com/Joji-SLOW-DANCING-IN-THE-DARK-lyrics
The True Ending Speech FNAF 6,Scott Cawthon,2017,523472,https://genius.com/Scott-Cawthon-The-True-Ending-Speech-FNAF-6-lyrics
Verbal Intercourse,Raekwon,1995,188895,https://genius.com/Raekwon-Verbal-Intercourse-lyrics
The Zone,The Weeknd,2011,1224070,https://genius.com/The-Weeknd-The-Zone-lyrics
Nice to Meet Ya,Meghan Trainor,2020,194080,https://genius.com/Meghan-Trainor-Nice-to-Meet-Ya-lyrics
Periodic Table,Todd Beard,2013,775890,https://genius.com/Todd-Beard-Periodic-Table-lyrics
Swervin,A Boogie wit da Hoodie,2018,590421,https://genius.com/A-Boogie-wit-da-Hoodie-Swervin-lyrics
Cant Tell Me Nothing,Kanye West,2007,1825243,https://genius.com/Kanye-West-Cant-Tell-Me-Nothing-lyrics
Help,Pink Guy,2017,250176,https://genius.com/Pink-Guy-Help-lyrics
Thotiana Cardi B Remix,Blueface,2019,1257992,https://genius.com/Blueface-Thotiana-Cardi-B-Remix-lyrics
Hey There Delilah,Plain White T's,2006,843711,https://genius.com/Plain-White-Ts-Hey-There-Delilah-lyrics
Overnight Celebrity,Twista,2004,195210,https://genius.com/Twista-Overnight-Celebrity-lyrics
Feel the Love,KIDS SEE GHOSTS,2018,606563,https://genius.com/KIDS-SEE-GHOSTS-Feel-the-Love-lyrics
Im Done.,$UICIDEBOY$,2017,222897,https://genius.com/UICIDEBOY-Im-Done-lyrics
Chandelier,Sia,2014,1959985,https://genius.com/Sia-Chandelier-lyrics
Hold Me Down,Halsey,2015,371381,https://genius.com/Halsey-Hold-Me-Down-lyrics
Robbery,Juice WRLD,2019,1487174,https://genius.com/Juice-WRLD-Robbery-lyrics
The Monster,Eminem,2013,4708911,https://genius.com/Eminem-The-Monster-lyrics
Just Friends Sunny,Musiq Soulchild,2000,212926,https://genius.com/Musiq-Soulchild-Just-Friends-Sunny-lyrics
Skin,Mac Miller,2016,208047,https://genius.com/Mac-Miller-Skin-lyrics
Im Gone,Logic,2014,296510,https://genius.com/Logic-Im-Gone-lyrics
​Death Enclaimed,YoungBoy Never Broke Again,2020,201989,https://genius.com/YoungBoy-Never-Broke-Again-​Death-Enclaimed-lyrics
​​breathin,Ariana Grande,2018,1992922,https://genius.com/Ariana-Grande-​​breathin-lyrics
Fuck Up Some Commas,Future,2014,1153707,https://genius.com/Future-Fuck-Up-Some-Commas-lyrics
Testimony,Kodak Black,2018,252856,https://genius.com/Kodak-Black-Testimony-lyrics
On My Mind,Jorja Smith,2017,303820,https://genius.com/Jorja-Smith-On-My-Mind-lyrics
Ruthless,Lil Tjay,2019,261600,https://genius.com/Lil-Tjay-Ruthless-lyrics
High Hopes,Pink Floyd,1994,203669,https://genius.com/Pink-Floyd-High-Hopes-lyrics
The Way You Look Tonight,Frank Sinatra,1964,188118,https://genius.com/Frank-Sinatra-The-Way-You-Look-Tonight-lyrics
Invincible,Pop Smoke,2020,295838,https://genius.com/Pop-Smoke-Invincible-lyrics
Dying,Cold Hart,2016,253409,https://genius.com/Cold-Hart-Dying-lyrics
The Devil Is a Lie,Rick Ross,2013,787235,https://genius.com/Rick-Ross-The-Devil-Is-a-Lie-lyrics
One Wish,Ray J,2005,244495,https://genius.com/Ray-J-One-Wish-lyrics
So Much Better,Eminem,2013,835877,https://genius.com/Eminem-So-Much-Better-lyrics
19-2000,Gorillaz,2001,237353,https://genius.com/Gorillaz-192000-lyrics
Lover of Mine,5 Seconds of Summer,2020,282652,https://genius.com/5-Seconds-of-Summer-Lover-of-Mine-lyrics
Drunk Dialing…LODT,Summer Walker,2019,218653,https://genius.com/Summer-Walker-Drunk-Dialing…LODT-lyrics
Feel,Post Malone,2016,409264,https://genius.com/Post-Malone-Feel-lyrics
Season,City Girls,2018,196202,https://genius.com/City-Girls-Season-lyrics
So Fresh So Clean,OutKast,2001,400002,https://genius.com/OutKast-So-Fresh-So-Clean-lyrics
Sin City,Chrishan,2015,222787,https://genius.com/Chrishan-Sin-City-lyrics
Ridin Round,Kali Uchis,2015,207619,https://genius.com/Kali-Uchis-Ridin-Round-lyrics
Arguments,DDG,2018,453913,https://genius.com/DDG-Arguments-lyrics
DARE,Gorillaz,2005,341023,https://genius.com/Gorillaz-DARE-lyrics
Madiba Riddim,Drake,2017,511981,https://genius.com/Drake-Madiba-Riddim-lyrics
Freestyle 4,Kanye West,2016,716668,https://genius.com/Kanye-West-Freestyle-4-lyrics
Sky Full of Song,Florence + the Machine,2018,208934,https://genius.com/Florence-the-Machine-Sky-Full-of-Song-lyrics
Defying Gravity,Kristin Chenoweth,2003,529296,https://genius.com/Kristin-Chenoweth-Defying-Gravity-lyrics
Numb,21 Savage,2017,327536,https://genius.com/21-Savage-Numb-lyrics
Stoner,Young Thug,2014,781357,https://genius.com/Young-Thug-Stoner-lyrics
Respect My Cryppin,Blueface,2018,589433,https://genius.com/Blueface-Respect-My-Cryppin-lyrics
Passionfruit,Drake,2017,2980963,https://genius.com/Drake-Passionfruit-lyrics
2 Phones,2 Phones Lyrics - Kevin Gates,2015,1041770,https://genius.com/2-Phones-Lyrics-Kevin-Gates-2-Phones-lyrics
Lonely Child,YoungBoy Never Broke Again,2019,317518,https://genius.com/YoungBoy-Never-Broke-Again-Lonely-Child-lyrics
Got It on Me,Pop Smoke,2020,512770,https://genius.com/Pop-Smoke-Got-It-on-Me-lyrics
Englishman in New York,Sting,1987,217629,https://genius.com/Sting-Englishman-in-New-York-lyrics
Cant C Me,2Pac,1996,425124,https://genius.com/2Pac-Cant-C-Me-lyrics
The Times They Are A-Changin,Bob Dylan,1964,427405,https://genius.com/Bob-Dylan-The-Times-They-Are-AChangin-lyrics
Simple And Clean, (Hikaru Utada),2002,282052,https://genius.com/Hikaru-Utada-Simple-And-Clean-lyrics
​sweetener,Ariana Grande,2018,1170838,https://genius.com/Ariana-Grande-​sweetener-lyrics
Reflektor,Arcade Fire,2013,300856,https://genius.com/Arcade-Fire-Reflektor-lyrics
Mona Lisa,Lil Wayne,2018,2099452,https://genius.com/Lil-Wayne-Mona-Lisa-lyrics
Thank You,Busta Rhymes,2013,236859,https://genius.com/Busta-Rhymes-Thank-You-lyrics
Slide,FBG Duck,2017,380517,https://genius.com/FBG-Duck-Slide-lyrics
Marmalade,Macklemore,2017,339665,https://genius.com/Macklemore-Marmalade-lyrics
Alphabet Aerobics,Blackalicious,1999,1249240,https://genius.com/Blackalicious-Alphabet-Aerobics-lyrics
Backseat Freestyle,Kendrick Lamar,2012,3795482,https://genius.com/Kendrick-Lamar-Backseat-Freestyle-lyrics
Royals,Lorde,2013,2091024,https://genius.com/Lorde-Royals-lyrics
How Could You Leave Us,NF,2016,511379,https://genius.com/NF-How-Could-You-Leave-Us-lyrics
No Vaseline,Ice Cube,1991,1653007,https://genius.com/Ice-Cube-No-Vaseline-lyrics
Superstition,Stevie Wonder,1972,311561,https://genius.com/Stevie-Wonder-Superstition-lyrics
Taunt,Lovejoy,2021,257969,https://genius.com/Lovejoy-Taunt-lyrics
Gangsta Rap Made Me Do It,Ice Cube,2008,261698,https://genius.com/Ice-Cube-Gangsta-Rap-Made-Me-Do-It-lyrics
Line Without a Hook,Ricky Montgomery,2016,655684,https://genius.com/Ricky-Montgomery-Line-Without-a-Hook-lyrics
Build My Life,Housefires,2016,250980,https://genius.com/Housefires-Build-My-Life-lyrics
Big Iron,Marty Robbins,1959,199195,https://genius.com/Marty-Robbins-Big-Iron-lyrics
Motion Sickness,Phoebe Bridgers,2017,426522,https://genius.com/Phoebe-Bridgers-Motion-Sickness-lyrics
No Longer Slaves,Bethel Music,2015,431469,https://genius.com/Bethel-Music-No-Longer-Slaves-lyrics
A GHETTO CHRISTMAS CAROL,XXXTENTACION,2017,876438,https://genius.com/XXXTENTACION-A-GHETTO-CHRISTMAS-CAROL-lyrics
Foot Fungus,Ski Mask the Slump God,2018,522974,https://genius.com/Ski-Mask-the-Slump-God-Foot-Fungus-lyrics
Blessings,Big Sean,2015,3206060,https://genius.com/Big-Sean-Blessings-lyrics
Drowning,A Boogie wit da Hoodie,2017,2081281,https://genius.com/A-Boogie-wit-da-Hoodie-Drowning-lyrics
Clout,Offset,2019,860164,https://genius.com/Offset-Clout-lyrics
Reforget,Lauv,2015,190204,https://genius.com/Lauv-Reforget-lyrics
Thot Shit,Megan Thee Stallion,2021,733649,https://genius.com/Megan-Thee-Stallion-Thot-Shit-lyrics
RISE,League of Legends,2018,256839,https://genius.com/League-of-Legends-RISE-lyrics
Yesterday,The Beatles,1965,1366010,https://genius.com/The-Beatles-Yesterday-lyrics
White Privilege,Macklemore,2005,236948,https://genius.com/Macklemore-White-Privilege-lyrics
So It Goes...,Taylor Swift,2017,555645,https://genius.com/Taylor-Swift-So-It-Goes-lyrics
Bitches Aint Shit,Dr. Dre,1992,543312,https://genius.com/Dr-Dre-Bitches-Aint-Shit-lyrics
Move Bitch,Ludacris,2001,210307,https://genius.com/Ludacris-Move-Bitch-lyrics
​worlds away,Lil Peep,2016,279165,https://genius.com/Lil-Peep-​worlds-away-lyrics
TLC,Sy Ari da Kid,2015,412614,https://genius.com/Sy-Ari-da-Kid-TLC-lyrics
JENNIE - SOLO English Translation,Genius English Translations,2018,504266,https://genius.com/Genius-English-Translations-JENNIE-SOLO-English-Translation-lyrics
Start wit Me,Roddy Ricch,2019,426065,https://genius.com/Roddy-Ricch-Start-wit-Me-lyrics
See You Again,"Tyler, The Creator",2017,1893992,https://genius.com/Tyler-The-Creator-See-You-Again-lyrics
Suge,DaBaby,2019,887272,https://genius.com/DaBaby-Suge-lyrics
I am not a woman Im a god,Halsey,2021,252425,https://genius.com/Halsey-I-am-not-a-woman-Im-a-god-lyrics
Informer,Snow,1993,861701,https://genius.com/Snow-Informer-lyrics
Soon Youll Get Better,Taylor Swift,2019,490858,https://genius.com/Taylor-Swift-Soon-Youll-Get-Better-lyrics
Its Time,Imagine Dragons,2010,327679,https://genius.com/Imagine-Dragons-Its-Time-lyrics
Said,Nasty C & Runtown,2017,347417,https://genius.com/Nasty-C-Runtown-Said-lyrics
D.R.U.G.S.,Iggy Azalea,2011,213739,https://genius.com/Iggy-Azalea-DRUGS-lyrics
​brutal,Olivia Rodrigo,2021,910305,https://genius.com/Olivia-Rodrigo-​brutal-lyrics
Sgt. Peppers Lonely Hearts Club Band,The Beatles,1967,207210,https://genius.com/The-Beatles-Sgt-Peppers-Lonely-Hearts-Club-Band-lyrics
All of Me,John Legend,2013,4532430,https://genius.com/John-Legend-All-of-Me-lyrics
Because I Had You,Shawn Mendes,2018,191742,https://genius.com/Shawn-Mendes-Because-I-Had-You-lyrics
Trill Luv,PopLord,2015,332068,https://genius.com/PopLord-Trill-Luv-lyrics
Super Bass,Nicki Minaj,2011,1444687,https://genius.com/Nicki-Minaj-Super-Bass-lyrics
Unaccommodating,Eminem,2020,1270964,https://genius.com/Eminem-Unaccommodating-lyrics
You All Over Me Taylors Version From the Vault,Taylor Swift,2021,315580,https://genius.com/Taylor-Swift-You-All-Over-Me-Taylors-Version-From-the-Vault-lyrics
Throat Baby Go Baby Remix,"BRS Kash, DaBaby & City Girls",2021,774355,https://genius.com/BRS-Kash-DaBaby-City-Girls-Throat-Baby-Go-Baby-Remix-lyrics
Saturn,Sleeping At Last,2013,309701,https://genius.com/Sleeping-At-Last-Saturn-lyrics
Dont You Worry Child,Swedish House Mafia,2012,226017,https://genius.com/Swedish-House-Mafia-Dont-You-Worry-Child-lyrics
Same Old Song,The Weeknd,2011,607671,https://genius.com/The-Weeknd-Same-Old-Song-lyrics
Roadhouse Blues,The Doors,1970,191996,https://genius.com/The-Doors-Roadhouse-Blues-lyrics
Idioteque,Radiohead,2000,253367,https://genius.com/Radiohead-Idioteque-lyrics
Ghost Busters,Trippie Redd & XXXTENTACION,2018,332418,https://genius.com/Trippie-Redd-XXXTENTACION-Ghost-Busters-lyrics
End of the Road,Boyz II Men,1992,346952,https://genius.com/Boyz-II-Men-End-of-the-Road-lyrics
Jesus Christ 2005 God Bless America,The 1975,2020,305299,https://genius.com/The-1975-Jesus-Christ-2005-God-Bless-America-lyrics
Try Me Remix,Montana of 300,2014,197940,https://genius.com/Montana-of-300-Try-Me-Remix-lyrics
Head Above Water,Avril Lavigne,2018,245863,https://genius.com/Avril-Lavigne-Head-Above-Water-lyrics
Jungle,Tash Sultana,2016,508343,https://genius.com/Tash-Sultana-Jungle-lyrics
The Great Gatsby Chapter II,F. Scott Fitzgerald,1925,447610,https://genius.com/F-Scott-Fitzgerald-The-Great-Gatsby-Chapter-II-lyrics
El Mañana,Gorillaz,2005,229538,https://genius.com/Gorillaz-El-Mañana-lyrics
In Cold Blood,alt-J,2017,344521,https://genius.com/altJ-In-Cold-Blood-lyrics
Notion,Tash Sultana,2016,285419,https://genius.com/Tash-Sultana-Notion-lyrics
Take a Bow,Rihanna,2008,269034,https://genius.com/Rihanna-Take-a-Bow-lyrics
New Flesh,Current Joys,2013,209264,https://genius.com/Current-Joys-New-Flesh-lyrics
Close,Nick Jonas,2016,196538,https://genius.com/Nick-Jonas-Close-lyrics
Pyramid Song,Radiohead,2001,196015,https://genius.com/Radiohead-Pyramid-Song-lyrics
Crushing,Sonta,2017,188482,https://genius.com/Sonta-Crushing-lyrics
You Got Me,G-Eazy,2015,354212,https://genius.com/GEazy-You-Got-Me-lyrics
Ooh Aah My Life Be Like,Grits,2002,244670,https://genius.com/Grits-Ooh-Aah-My-Life-Be-Like-lyrics
Devil Like Me,Rainbow Kitten Surprise,2013,310085,https://genius.com/Rainbow-Kitten-Surprise-Devil-Like-Me-lyrics
Fuck Em,Rick Ross,2012,209025,https://genius.com/Rick-Ross-Fuck-Em-lyrics
The Love Club,Lorde,2013,223597,https://genius.com/Lorde-The-Love-Club-lyrics
Run Taylors Version From the Vault,Taylor Swift,2021,206015,https://genius.com/Taylor-Swift-Run-Taylors-Version-From-the-Vault-lyrics
I Do,Jeezy,2012,373502,https://genius.com/Jeezy-I-Do-lyrics
Straight Outta Compton,N.W.A,1988,1625352,https://genius.com/NWA-Straight-Outta-Compton-lyrics
O.K.,Mac Miller,2013,197380,https://genius.com/Mac-Miller-OK-lyrics
Immigrant Song,Led Zeppelin,1970,494355,https://genius.com/Led-Zeppelin-Immigrant-Song-lyrics
A Thousand Times,Ella Mai,2016,207828,https://genius.com/Ella-Mai-A-Thousand-Times-lyrics
Leaves From The Vine Little Soldier Boy,Avatar: The Last Airbender,2006,908469,https://genius.com/Avatar-The-Last-Airbender-Leaves-From-The-Vine-Little-Soldier-Boy-lyrics
Cringe,Matt Maeson,2016,231651,https://genius.com/Matt-Maeson-Cringe-lyrics
Dive,Luke Combs,2018,240722,https://genius.com/Luke-Combs-Dive-lyrics
Red Room,Offset,2018,374369,https://genius.com/Offset-Red-Room-lyrics
KSI Sucks,W2S,2017,286269,https://genius.com/W2S-KSI-Sucks-lyrics
On a Roll,Ashley O,2019,389442,https://genius.com/Ashley-O-On-a-Roll-lyrics
Primetime,JAY-Z & Kanye West,2011,245652,https://genius.com/JAYZ-Kanye-West-Primetime-lyrics
Hopeless Romantic,Wiz Khalifa,2018,355539,https://genius.com/Wiz-Khalifa-Hopeless-Romantic-lyrics
It Aint Me,Kygo & Selena Gomez,2017,2682046,https://genius.com/Kygo-Selena-Gomez-It-Aint-Me-lyrics
Say Amen Saturday Night,Panic! at the Disco,2018,453114,https://genius.com/Panic-at-the-Disco-Say-Amen-Saturday-Night-lyrics
Look Whos Inside Again,Bo Burnham,2021,277812,https://genius.com/Bo-Burnham-Look-Whos-Inside-Again-lyrics
Lolita,Lana Del Rey,2012,327734,https://genius.com/Lana-Del-Rey-Lolita-lyrics
​bloodline,Ariana Grande,2019,964418,https://genius.com/Ariana-Grande-​bloodline-lyrics
Snow Hey Oh,Red Hot Chili Peppers,2006,478956,https://genius.com/Red-Hot-Chili-Peppers-Snow-Hey-Oh-lyrics
Havent Met You Yet,Michael Bubl,2009,200067,https://genius.com/Michael-Bubl-Havent-Met-You-Yet-lyrics
Lets Lurk,67,2016,221971,https://genius.com/67-Lets-Lurk-lyrics
Memories,Maroon 5,2019,1664429,https://genius.com/Maroon-5-Memories-lyrics
Thats My Best Friend,Tokyo Vanity,2015,359438,https://genius.com/Tokyo-Vanity-Thats-My-Best-Friend-lyrics
Crack a Bottle,Eminem,2009,399913,https://genius.com/Eminem-Crack-a-Bottle-lyrics
Good for You,Selena Gomez,2015,700382,https://genius.com/Selena-Gomez-Good-for-You-lyrics
Hello,Original Broadway Cast of The Book of Mormon,2011,362168,https://genius.com/Original-Broadway-Cast-of-The-Book-of-Mormon-Hello-lyrics
Miss It,Yung Bleu,2017,554185,https://genius.com/Yung-Bleu-Miss-It-lyrics
Sober,Demi Lovato,2018,646341,https://genius.com/Demi-Lovato-Sober-lyrics
Suicide Is Painless,Johnny Mandel,1970,237236,https://genius.com/Johnny-Mandel-Suicide-Is-Painless-lyrics
Someday,Milo Manheim & Meg Donnelly,2018,262305,https://genius.com/Milo-Manheim-Meg-Donnelly-Someday-lyrics
Neon Cathedral,Macklemore & Ryan Lewis,2012,288795,https://genius.com/Macklemore-Ryan-Lewis-Neon-Cathedral-lyrics
Mo Money Interlude,J. Cole,2013,320058,https://genius.com/J-Cole-Mo-Money-Interlude-lyrics
OverHeated,Billie Eilish,2021,250238,https://genius.com/Billie-Eilish-OverHeated-lyrics
Drip or Drown,Gunna,2017,367052,https://genius.com/Gunna-Drip-or-Drown-lyrics
Hard Place,H.E.R.,2018,188354,https://genius.com/HER-Hard-Place-lyrics
Johnny B. Goode,Chuck Berry,1958,237389,https://genius.com/Chuck-Berry-Johnny-B-Goode-lyrics
Lost in Your Light,Dua Lipa,2017,188531,https://genius.com/Dua-Lipa-Lost-in-Your-Light-lyrics
​everything i wanted,Billie Eilish,2019,3210364,https://genius.com/Billie-Eilish-​everything-i-wanted-lyrics
Your Shirt,Chelsea Cutler,2017,323076,https://genius.com/Chelsea-Cutler-Your-Shirt-lyrics
Supalonely,BENEE,2019,326275,https://genius.com/BENEE-Supalonely-lyrics
Two Birds One Stone,Drake,2016,1006388,https://genius.com/Drake-Two-Birds-One-Stone-lyrics
M.I.L.F. $,Fergie,2016,287876,https://genius.com/Fergie-MILF-lyrics
Rappin for Jesus,Pastor Jim Colerick,2013,973359,https://genius.com/Pastor-Jim-Colerick-Rappin-for-Jesus-lyrics
Daddys Birthday,Young Thug,2017,222082,https://genius.com/Young-Thug-Daddys-Birthday-lyrics
BRACKETS,J. Cole,2018,574161,https://genius.com/J-Cole-BRACKETS-lyrics
I Love You So,The Walters,2014,509864,https://genius.com/The-Walters-I-Love-You-So-lyrics
Working for the Knife,Mitski,2021,274816,https://genius.com/Mitski-Working-for-the-Knife-lyrics
Kamikaze,Beatrice Garland,2013,236761,https://genius.com/Beatrice-Garland-Kamikaze-lyrics
Time,Pink Floyd,1973,1200627,https://genius.com/Pink-Floyd-Time-lyrics
What Do I Know?,Ed Sheeran,2017,387148,https://genius.com/Ed-Sheeran-What-Do-I-Know-lyrics
Erica Kane,Speaker Knockerz,2014,191467,https://genius.com/Speaker-Knockerz-Erica-Kane-lyrics
BLACKPINK - 아니길 Hope Not English Translation,Genius English Translations,2019,244250,https://genius.com/Genius-English-Translations-BLACKPINK-아니길-Hope-Not-English-Translation-lyrics
Love To Hate Me,BLACKPINK,2020,650567,https://genius.com/BLACKPINK-Love-To-Hate-Me-lyrics
Talk to Me,Run The Jewels,2016,192082,https://genius.com/Run-The-Jewels-Talk-to-Me-lyrics
Lion King on Ice,J. Cole,2020,399616,https://genius.com/J-Cole-Lion-King-on-Ice-lyrics
Headband,B.o.B,2013,827428,https://genius.com/BoB-Headband-lyrics
Hello,Lionel Richie,1983,650988,https://genius.com/Lionel-Richie-Hello-lyrics
Faith,The Weeknd,2020,972866,https://genius.com/The-Weeknd-Faith-lyrics
Malibu Nights,LANY,2018,663770,https://genius.com/LANY-Malibu-Nights-lyrics
Imagine,John Lennon,1971,1488663,https://genius.com/John-Lennon-Imagine-lyrics
Love More,Chris Brown,2013,1130170,https://genius.com/Chris-Brown-Love-More-lyrics
​right here,Lil Peep,2016,634456,https://genius.com/Lil-Peep-​right-here-lyrics
Off My Face,Justin Bieber,2021,255570,https://genius.com/Justin-Bieber-Off-My-Face-lyrics
Ziggy Stardust,David Bowie,1972,223023,https://genius.com/David-Bowie-Ziggy-Stardust-lyrics
Fitzpleasure,alt-J,2012,341904,https://genius.com/altJ-Fitzpleasure-lyrics
Come as You Are,Nirvana,1992,976296,https://genius.com/Nirvana-Come-as-You-Are-lyrics
Waves,Mr. Probz,2013,1089333,https://genius.com/Mr-Probz-Waves-lyrics
Cameras,Drake,2011,1050604,https://genius.com/Drake-Cameras-lyrics
No Long Talk,Drake,2017,728248,https://genius.com/Drake-No-Long-Talk-lyrics
Tell Your Friends,The Weeknd,2015,1476121,https://genius.com/The-Weeknd-Tell-Your-Friends-lyrics
For the First Time in Forever Reprise,Kristen Bell & Idina Menzel,2013,267627,https://genius.com/Kristen-Bell-Idina-Menzel-For-the-First-Time-in-Forever-Reprise-lyrics
Jimmy Iovine,Macklemore & Ryan Lewis,2012,298906,https://genius.com/Macklemore-Ryan-Lewis-Jimmy-Iovine-lyrics
​august,Taylor Swift,2020,1746009,https://genius.com/Taylor-Swift-​august-lyrics
Everything Black,Unlike Pluto,2017,227526,https://genius.com/Unlike-Pluto-Everything-Black-lyrics
A92 Plugged In Freestyle,A92,2020,382994,https://genius.com/A92-A92-Plugged-In-Freestyle-lyrics
Dont Hurt Yourself,Beyonc,2016,928151,https://genius.com/Beyonc-Dont-Hurt-Yourself-lyrics
Be the One,Be the One Lyrics - Dua Lipa,2015,659935,https://genius.com/Be-the-One-Lyrics-Dua-Lipa-Be-the-One-lyrics
Best of Wives and Best of Women,Best of Wives and Best of Women Lyrics - Lin-Manuel Miranda & Phillipa Soo,2015,431364,https://genius.com/Best-of-Wives-and-Best-of-Women-Lyrics-LinManuel-Miranda-Phillipa-Soo-Best-of-Wives-and-Best-of-Women-lyrics
Sex,Cheat Codes & Kris Kross Amsterdam,2016,354143,https://genius.com/Cheat-Codes-Kris-Kross-Amsterdam-Sex-lyrics
PRBLMS,6LACK,2016,2190419,https://genius.com/6LACK-PRBLMS-lyrics
The Heart Part 4,Kendrick Lamar,2017,1706445,https://genius.com/Kendrick-Lamar-The-Heart-Part-4-lyrics
Isis,Joyner Lucas,2019,1368885,https://genius.com/Joyner-Lucas-Isis-lyrics
Lord I Need You,Kanye West,2021,411602,https://genius.com/Kanye-West-Lord-I-Need-You-lyrics
Use Somebody,Kings of Leon,2008,302669,https://genius.com/Kings-of-Leon-Use-Somebody-lyrics
Antarctica,$UICIDEBOY$,2016,1039555,https://genius.com/UICIDEBOY-Antarctica-lyrics
Million,Tink,2015,272906,https://genius.com/Tink-Million-lyrics
Careless Whisper,Wham!,1984,771846,https://genius.com/Wham-Careless-Whisper-lyrics
Girls Born in the 90s,The Weeknd,2015,276131,https://genius.com/The-Weeknd-Girls-Born-in-the-90s-lyrics
SMASH,XXXTENTACION,2018,274262,https://genius.com/XXXTENTACION-SMASH-lyrics
Temporary,A Boogie wit da Hoodie,2014,249023,https://genius.com/A-Boogie-wit-da-Hoodie-Temporary-lyrics
Class Fight,Melanie Martinez,2019,265724,https://genius.com/Melanie-Martinez-Class-Fight-lyrics
We Didnt Start the Fire,Billy Joel,1989,1543365,https://genius.com/Billy-Joel-We-Didnt-Start-the-Fire-lyrics
Face to Face,Rex Orange County,2019,243308,https://genius.com/Rex-Orange-County-Face-to-Face-lyrics
Affirmative Action,Nas,1996,387651,https://genius.com/Nas-Affirmative-Action-lyrics
Who Am I? Sim Simma,Beenie Man,1997,216254,https://genius.com/Beenie-Man-Who-Am-I-Sim-Simma-lyrics
Lit,Bas,2013,364353,https://genius.com/Bas-Lit-lyrics
Strange Love,Strange Love Lyrics - Halsey,2015,208371,https://genius.com/Strange-Love-Lyrics-Halsey-Strange-Love-lyrics
VENGEANCE | VENGEANCE,Denzel Curry,2018,339142,https://genius.com/Denzel-Curry-VENGEANCE-VENGEANCE-lyrics
Love Is Poison,YoungBoy Never Broke Again,2018,588900,https://genius.com/YoungBoy-Never-Broke-Again-Love-Is-Poison-lyrics
Kyoto,Phoebe Bridgers,2020,379582,https://genius.com/Phoebe-Bridgers-Kyoto-lyrics
Thot Box Remix,Hitmaka,2019,271404,https://genius.com/Hitmaka-Thot-Box-Remix-lyrics
Into the Deep Live,Citipointe Worship,2016,194243,https://genius.com/Citipointe-Worship-Into-the-Deep-Live-lyrics
Hold You Down,Childish Gambino,2011,234513,https://genius.com/Childish-Gambino-Hold-You-Down-lyrics
Get Back,The Beatles,1970,209908,https://genius.com/The-Beatles-Get-Back-lyrics
That Way,Lil Uzi Vert,2020,592475,https://genius.com/Lil-Uzi-Vert-That-Way-lyrics
I Got Bitches,A2M,2014,565051,https://genius.com/A2M-I-Got-Bitches-lyrics
Epitaph,King Crimson,1969,189155,https://genius.com/King-Crimson-Epitaph-lyrics
Talking to the Moon,Bruno Mars,2010,517804,https://genius.com/Bruno-Mars-Talking-to-the-Moon-lyrics
Sober,Mahalia,2017,300764,https://genius.com/Mahalia-Sober-lyrics
Hit or Miss,Jacob Sartorius,2016,663607,https://genius.com/Jacob-Sartorius-Hit-or-Miss-lyrics
The Time Song,Don't Hug Me I'm Scared,2014,216067,https://genius.com/Dont-Hug-Me-Im-Scared-The-Time-Song-lyrics
​dear parents...,Tate McRae,2019,217695,https://genius.com/Tate-McRae-​dear-parents-lyrics
That’s a Rack,Lil Uzi Vert,2019,412849,https://genius.com/Lil-Uzi-Vert-That’s-a-Rack-lyrics
Jerry Sprunger,Tory Lanez & T-Pain,2019,201444,https://genius.com/Tory-Lanez-TPain-Jerry-Sprunger-lyrics
Peek a Boo,Lil Yachty,2017,527581,https://genius.com/Lil-Yachty-Peek-a-Boo-lyrics
Get Money,Junior M.A.F.I.A.,1995,466819,https://genius.com/Junior-MAFIA-Get-Money-lyrics
Heat,50 Cent,2003,259638,https://genius.com/50-Cent-Heat-lyrics
Skyline To,Frank Ocean,2016,635806,https://genius.com/Frank-Ocean-Skyline-To-lyrics
Joan of Arc,Little Mix,2018,225395,https://genius.com/Little-Mix-Joan-of-Arc-lyrics
Welcome to the Jungle,Guns N' Roses,1987,567528,https://genius.com/Guns-N-Roses-Welcome-to-the-Jungle-lyrics
Birthday Sex,Jeremih,2009,375812,https://genius.com/Jeremih-Birthday-Sex-lyrics
You Say,Lauren Daigle,2018,586342,https://genius.com/Lauren-Daigle-You-Say-lyrics
You Shook Me All Night Long,AC/DC,1980,211502,https://genius.com/ACDC-You-Shook-Me-All-Night-Long-lyrics
The One,Jorja Smith,2018,212278,https://genius.com/Jorja-Smith-The-One-lyrics
Blessing,K CAMP,2013,286355,https://genius.com/K-CAMP-Blessing-lyrics
Black Hole Sun,Soundgarden,1994,481531,https://genius.com/Soundgarden-Black-Hole-Sun-lyrics
Old Town Road,Lil Nas X,2018,2434783,https://genius.com/Lil-Nas-X-Old-Town-Road-lyrics
Strawberry Shortcake,Melanie Martinez,2019,361285,https://genius.com/Melanie-Martinez-Strawberry-Shortcake-lyrics
Encore,JAY-Z,2003,404941,https://genius.com/JAYZ-Encore-lyrics
All That Lady,The Game,2012,222518,https://genius.com/The-Game-All-That-Lady-lyrics
Lecture 1: How to Start a Startup,Sam Altman,2014,245098,https://genius.com/Sam-Altman-Lecture-1-How-to-Start-a-Startup-lyrics
Skyfall,Travis Scott,2014,696029,https://genius.com/Travis-Scott-Skyfall-lyrics
Successful,Drake,2009,477729,https://genius.com/Drake-Successful-lyrics
Space Song,Beach House,2015,445814,https://genius.com/Beach-House-Space-Song-lyrics
Feeling Myself,Nicki Minaj,2015,3051350,https://genius.com/Nicki-Minaj-Feeling-Myself-lyrics
Roses,The Chainsmokers,2015,668297,https://genius.com/The-Chainsmokers-Roses-lyrics
Bitch,Ugly God,2017,194312,https://genius.com/Ugly-God-Bitch-lyrics
Myron,Lil Uzi Vert,2020,1024934,https://genius.com/Lil-Uzi-Vert-Myron-lyrics
Exs  Ohs,Elle King,2014,469442,https://genius.com/Elle-King-Exs-Ohs-lyrics
Kim,Eminem,2000,923493,https://genius.com/Eminem-Kim-lyrics
Bonnie,Tink,2012,194144,https://genius.com/Tink-Bonnie-lyrics
All I Want,Kodaline,2013,971171,https://genius.com/Kodaline-All-I-Want-lyrics
ELEMENT.,Kendrick Lamar,2017,2899477,https://genius.com/Kendrick-Lamar-ELEMENT-lyrics
The Pinkprint Freestyle,Nicki Minaj,2016,291936,https://genius.com/Nicki-Minaj-The-Pinkprint-Freestyle-lyrics
March Madness,Future,2015,1732920,https://genius.com/Future-March-Madness-lyrics
Cigarette Daydreams,Cage The Elephant,2013,553799,https://genius.com/Cage-The-Elephant-Cigarette-Daydreams-lyrics
Doubt,twenty one pilots,2015,383911,https://genius.com/twenty-one-pilots-Doubt-lyrics
Kill Your$elf,$UICIDEBOY$,2014,254991,https://genius.com/UICIDEBOY-Kill-Yourelf-lyrics
Brooklyn Go Hard,JAY-Z,2008,261382,https://genius.com/JAYZ-Brooklyn-Go-Hard-lyrics
Straightjacket,Quinn XCII,2016,192177,https://genius.com/Quinn-XCII-Straightjacket-lyrics
Max B,A$AP Rocky,2015,201188,https://genius.com/AAP-Rocky-Max-B-lyrics
Borrowed Love,Metro Boomin,2018,222351,https://genius.com/Metro-Boomin-Borrowed-Love-lyrics
Oprahs Bank Account,Lil Yachty & DaBaby,2020,295724,https://genius.com/Lil-Yachty-DaBaby-Oprahs-Bank-Account-lyrics
Love All,Drake,2021,683272,https://genius.com/Drake-Love-All-lyrics
Moment 4 Life,Nicki Minaj,2010,679347,https://genius.com/Nicki-Minaj-Moment-4-Life-lyrics
Donda,Kanye West,2021,614798,https://genius.com/Kanye-West-Donda-lyrics
I Love the Dough,The Notorious B.I.G.,1997,190378,https://genius.com/The-Notorious-BIG-I-Love-the-Dough-lyrics
Let It Go,A$AP Ferg,2013,257580,https://genius.com/AAP-Ferg-Let-It-Go-lyrics
Molly,Molly Lyrics - Lil Dicky,2015,620464,https://genius.com/Molly-Lyrics-Lil-Dicky-Molly-lyrics
Kaleidoscope World,Francis M.,1995,214865,https://genius.com/Francis-M-Kaleidoscope-World-lyrics
Baby Im Yours,Breakbot,2010,377610,https://genius.com/Breakbot-Baby-Im-Yours-lyrics
​play this when im gone,Machine Gun Kelly,2020,252610,https://genius.com/Machine-Gun-Kelly-​play-this-when-im-gone-lyrics
Pure Cocaine,Lil Baby,2018,370989,https://genius.com/Lil-Baby-Pure-Cocaine-lyrics
Andromeda,Ghostemane,2016,280581,https://genius.com/Ghostemane-Andromeda-lyrics
Hallelujah,Leonard Cohen,1984,3810370,https://genius.com/Leonard-Cohen-Hallelujah-lyrics
Bonesaw,Ghostemane,2018,243739,https://genius.com/Ghostemane-Bonesaw-lyrics
Prices,Lil Uzi Vert,2020,339555,https://genius.com/Lil-Uzi-Vert-Prices-lyrics
Loaded Lux vs. Calicoe,URLtv,2012,199356,https://genius.com/URLtv-Loaded-Lux-vs-Calicoe-lyrics
BTS - 바다 Sea English Translation,Genius English Translations,2017,362509,https://genius.com/Genius-English-Translations-BTS-바다-Sea-English-Translation-lyrics
The Fever Aye Aye,Death Grips,2012,226710,https://genius.com/Death-Grips-The-Fever-Aye-Aye-lyrics
Lost Boy,Ruth B.,2015,848615,https://genius.com/Ruth-B-Lost-Boy-lyrics
Young Wild  Free,Snoop Dogg & Wiz Khalifa,2011,788272,https://genius.com/Snoop-Dogg-Wiz-Khalifa-Young-Wild-Free-lyrics
Halfway Off the Balcony,Big Sean,2017,302086,https://genius.com/Big-Sean-Halfway-Off-the-Balcony-lyrics
Confidently Lost,Sabrina Claudio,2016,217747,https://genius.com/Sabrina-Claudio-Confidently-Lost-lyrics
​God is a woman,Ariana Grande,2018,3300453,https://genius.com/Ariana-Grande-​God-is-a-woman-lyrics
The Story of Adidon,Pusha T,2018,2387521,https://genius.com/Pusha-T-The-Story-of-Adidon-lyrics
Nobodys Perfect,J. Cole,2012,1034835,https://genius.com/J-Cole-Nobodys-Perfect-lyrics
Payphone,Maroon 5,2012,993951,https://genius.com/Maroon-5-Payphone-lyrics
FUCKTHEPOPULATION,$UICIDEBOY$,2015,497122,https://genius.com/UICIDEBOY-FUCKTHEPOPULATION-lyrics
Magic,B.o.B,2010,246283,https://genius.com/BoB-Magic-lyrics
Lucky,Jason Mraz & Colbie Caillat,2009,265237,https://genius.com/Jason-Mraz-Colbie-Caillat-Lucky-lyrics
Video Games,Lana Del Rey,2011,987462,https://genius.com/Lana-Del-Rey-Video-Games-lyrics
Jealous,Labrinth,2014,988109,https://genius.com/Labrinth-Jealous-lyrics
In2,WSTRN,2015,532396,https://genius.com/WSTRN-In2-lyrics
Krazy,Lil Wayne,2014,216561,https://genius.com/Lil-Wayne-Krazy-lyrics
BTS - 욱 UGH English Translation,Genius English Translations,2020,535430,https://genius.com/Genius-English-Translations-BTS-욱-UGH-English-Translation-lyrics
Burn Rubber Again,AzChike,2017,386017,https://genius.com/AzChike-Burn-Rubber-Again-lyrics
Can You Keep Up?,Busta Rhymes,2011,187822,https://genius.com/Busta-Rhymes-Can-You-Keep-Up-lyrics
Sofia,Clairo,2019,591946,https://genius.com/Clairo-Sofia-lyrics
Handlebars,Flobots,2008,234905,https://genius.com/Flobots-Handlebars-lyrics
Partition,Beyonc,2013,3151316,https://genius.com/Beyonc-Partition-lyrics
Blow,"Tyler, The Creator",2009,196516,https://genius.com/Tyler-The-Creator-Blow-lyrics
​wRoNg,ZAYN,2016,214792,https://genius.com/ZAYN-​wRoNg-lyrics
Pumpkins Scream in the Dead of Night,Savage Ga$p,2018,300278,https://genius.com/Savage-Gap-Pumpkins-Scream-in-the-Dead-of-Night-lyrics
Sacrifices,Drake,2017,1192681,https://genius.com/Drake-Sacrifices-lyrics
ROCKABYE BABY,Joey Bada$$,2017,230269,https://genius.com/Joey-Bada-ROCKABYE-BABY-lyrics
STAR,BROCKHAMPTON,2017,600522,https://genius.com/BROCKHAMPTON-STAR-lyrics
Dont Tell Em,Jeremih,2014,1100616,https://genius.com/Jeremih-Dont-Tell-Em-lyrics
Like You,Tatiana Manaois,2015,231129,https://genius.com/Tatiana-Manaois-Like-You-lyrics
Love Me More,Trippie Redd,2019,210621,https://genius.com/Trippie-Redd-Love-Me-More-lyrics
Scarborough Fair/Canticle,Simon & Garfunkel,1966,218795,https://genius.com/Simon-Garfunkel-Scarborough-FairCanticle-lyrics
Dont Drop That Thun Thun Remix,Finatticz,2012,258470,https://genius.com/Finatticz-Dont-Drop-That-Thun-Thun-Remix-lyrics
Gods Plan,Drake,2018,9107059,https://genius.com/Drake-Gods-Plan-lyrics
Un Poco Loco,Anthony Gonzalez & Gael Garca Bernal,2017,466672,https://genius.com/Anthony-Gonzalez-Gael-Garca-Bernal-Un-Poco-Loco-lyrics
Best Part of Me,Ed Sheeran,2019,207426,https://genius.com/Ed-Sheeran-Best-Part-of-Me-lyrics
​good 4 u,Olivia Rodrigo,2021,2486863,https://genius.com/Olivia-Rodrigo-​good-4-u-lyrics
All of the Lights Remix,Kanye West,2011,210544,https://genius.com/Kanye-West-All-of-the-Lights-Remix-lyrics
St. Brick Intro,Gucci Mane,2016,205940,https://genius.com/Gucci-Mane-St-Brick-Intro-lyrics
This Is America,Childish Gambino,2018,5269925,https://genius.com/Childish-Gambino-This-Is-America-lyrics
Overwhelming,Matt Ox,2017,251546,https://genius.com/Matt-Ox-Overwhelming-lyrics
JOUVERT,BROCKHAMPTON,2018,360754,https://genius.com/BROCKHAMPTON-JOUVERT-lyrics
Mojo So Dope,Kid Cudi,2010,338343,https://genius.com/Kid-Cudi-Mojo-So-Dope-lyrics
5000 Candles in the Wind Bye Bye Li’l Sebastian,Mouse Rat,2011,247735,https://genius.com/Mouse-Rat-5000-Candles-in-the-Wind-Bye-Bye-Li’l-Sebastian-lyrics
Big Rings,Drake & Future,2015,1067403,https://genius.com/Drake-Future-Big-Rings-lyrics
Your Love,The Outfield,1986,236105,https://genius.com/The-Outfield-Your-Love-lyrics
Into the Unknown,Idina Menzel & AURORA,2019,597951,https://genius.com/Idina-Menzel-AURORA-Into-the-Unknown-lyrics
Beautiful Crazy,Luke Combs,2018,214650,https://genius.com/Luke-Combs-Beautiful-Crazy-lyrics
Malibu,Miley Cyrus,2017,1034733,https://genius.com/Miley-Cyrus-Malibu-lyrics
Beautiful Mistakes,Maroon 5 & Megan Thee Stallion,2021,342449,https://genius.com/Maroon-5-Megan-Thee-Stallion-Beautiful-Mistakes-lyrics
​​party favor,Billie Eilish,2017,560047,https://genius.com/Billie-Eilish-​​party-favor-lyrics
​monster,21 Savage,2018,502420,https://genius.com/21-Savage-​monster-lyrics
Back to Back,Drake,2015,4970613,https://genius.com/Drake-Back-to-Back-lyrics
Be Happy,Dixie,2020,624562,https://genius.com/Dixie-Be-Happy-lyrics
New Americana,Halsey,2015,593492,https://genius.com/Halsey-New-Americana-lyrics
Not the Only One,Kevin Gates,2016,303099,https://genius.com/Kevin-Gates-Not-the-Only-One-lyrics
Blame It On Me,Post Malone,2018,324137,https://genius.com/Post-Malone-Blame-It-On-Me-lyrics
Happy,Pharrell Williams,2013,2047342,https://genius.com/Pharrell-Williams-Happy-lyrics
Pennyroyal,Joey Bada$$,2012,194820,https://genius.com/Joey-Bada-Pennyroyal-lyrics
EX,Kiana Led,2018,339607,https://genius.com/Kiana-Led-EX-lyrics
Hot in Herre,Nelly,2002,327709,https://genius.com/Nelly-Hot-in-Herre-lyrics
’93 ’Til Infinity,Souls of Mischief,1993,276655,https://genius.com/Souls-of-Mischief-’93-’Til-Infinity-lyrics
Commitment Issues,Central Cee,2021,214337,https://genius.com/Central-Cee-Commitment-Issues-lyrics
The Fix,The Fix Lyrics - Nelly,2015,352099,https://genius.com/The-Fix-Lyrics-Nelly-The-Fix-lyrics
Lean Back,Terror Squad,2004,220400,https://genius.com/Terror-Squad-Lean-Back-lyrics
Ocean Man,Ween,1997,247931,https://genius.com/Ween-Ocean-Man-lyrics
Heathens,twenty one pilots,2016,2899906,https://genius.com/twenty-one-pilots-Heathens-lyrics
Hotel Room Service,Pitbull,2009,202332,https://genius.com/Pitbull-Hotel-Room-Service-lyrics
Grown Woman,PARTYNEXTDOOR,2014,195806,https://genius.com/PARTYNEXTDOOR-Grown-Woman-lyrics
Pretty Girl,Clairo,2017,471268,https://genius.com/Clairo-Pretty-Girl-lyrics
New Level,A$AP Ferg,2015,314859,https://genius.com/AAP-Ferg-New-Level-lyrics
​fast,Sueco,2019,346885,https://genius.com/Sueco-​fast-lyrics
RM - 비싼여자 Expensive Girl Cover English Translation,Genius English Translations,2009,219072,https://genius.com/Genius-English-Translations-RM-비싼여자-Expensive-Girl-Cover-English-Translation-lyrics
Evil Twin,Eminem,2013,923007,https://genius.com/Eminem-Evil-Twin-lyrics
My Choppa Hate Niggas,21 Savage & Metro Boomin,2017,265107,https://genius.com/21-Savage-Metro-Boomin-My-Choppa-Hate-Niggas-lyrics
F.N,Lil Tjay,2019,1130282,https://genius.com/Lil-Tjay-FN-lyrics
DARK PLACE demo,Juice WRLD,2017,210118,https://genius.com/Juice-WRLD-DARK-PLACE-demo-lyrics
How Did I Get Here,Offset,2019,188975,https://genius.com/Offset-How-Did-I-Get-Here-lyrics
Cruise Remix,Florida Georgia Line,2013,206706,https://genius.com/Florida-Georgia-Line-Cruise-Remix-lyrics
Red Velvet - Psycho English Translation,Genius English Translations,2019,251180,https://genius.com/Genius-English-Translations-Red-Velvet-Psycho-English-Translation-lyrics
100it Racks,DJ ESCO,2016,303845,https://genius.com/DJ-ESCO-100it-Racks-lyrics
East Atlanta Love Letter,6LACK,2018,255236,https://genius.com/6LACK-East-Atlanta-Love-Letter-lyrics
Alone Again,The Weeknd,2020,778168,https://genius.com/The-Weeknd-Alone-Again-lyrics
Fester Skank,Lethal Bizzle,2015,271236,https://genius.com/Lethal-Bizzle-Fester-Skank-lyrics
Normal Girl,SZA,2017,501883,https://genius.com/SZA-Normal-Girl-lyrics
Summer Friends,Chance the Rapper,2016,736508,https://genius.com/Chance-the-Rapper-Summer-Friends-lyrics
Numb Numb Juice,ScHoolboy Q,2019,306019,https://genius.com/ScHoolboy-Q-Numb-Numb-Juice-lyrics
II. Earth: The Oldest Computer The Last Night,Childish Gambino,2013,346187,https://genius.com/Childish-Gambino-II-Earth-The-Oldest-Computer-The-Last-Night-lyrics
GeorgeNotFound OnlyFans,Weston Koury,2021,334085,https://genius.com/Weston-Koury-GeorgeNotFound-OnlyFans-lyrics
Come  Talk to Me Remix,Jodeci,1992,312708,https://genius.com/Jodeci-Come-Talk-to-Me-Remix-lyrics
Yuck,2 Chainz,2012,342072,https://genius.com/2-Chainz-Yuck-lyrics
Uptown Funk,Mark Ronson,2014,1138732,https://genius.com/Mark-Ronson-Uptown-Funk-lyrics
Beware,Big Sean,2013,2066599,https://genius.com/Big-Sean-Beware-lyrics
Design in Malice,Jedi Mind Tricks,2011,208141,https://genius.com/Jedi-Mind-Tricks-Design-in-Malice-lyrics
Say So,Doja Cat,2019,1452616,https://genius.com/Doja-Cat-Say-So-lyrics
YOASOBI - 夜に駆ける Yoru Ni Kakeru/Racing Into The Night English Translation,Genius English Translations,2019,347533,https://genius.com/Genius-English-Translations-YOASOBI-夜に駆ける-Yoru-Ni-KakeruRacing-Into-The-Night-English-Translation-lyrics
Body,Summer Walker,2019,574189,https://genius.com/Summer-Walker-Body-lyrics
I.F.L.Y.,Bazzi,2019,309257,https://genius.com/Bazzi-IFLY-lyrics
Amphetamine,Smino,2017,226170,https://genius.com/Smino-Amphetamine-lyrics
Unravel Tokyo Ghoul OP 1,KY0UMI,2014,264141,https://genius.com/KY0UMI-Unravel-Tokyo-Ghoul-OP-1-lyrics
@ MEH AT MEH,Playboi Carti,2020,525767,https://genius.com/Playboi-Carti-MEH-AT-MEH-lyrics
Why She Disappeared Poem,Taylor Swift,2017,385670,https://genius.com/Taylor-Swift-Why-She-Disappeared-Poem-lyrics
Bank Account,Lil Wayne,2017,234705,https://genius.com/Lil-Wayne-Bank-Account-lyrics
ATLiens,OutKast,1996,439050,https://genius.com/OutKast-ATLiens-lyrics
Midnight Memories,One Direction,2013,209153,https://genius.com/One-Direction-Midnight-Memories-lyrics
Edge of Seventeen,Stevie Nicks,1984,262837,https://genius.com/Stevie-Nicks-Edge-of-Seventeen-lyrics
Lord Above,Fat Joe & Dre,2019,383038,https://genius.com/Fat-Joe-Dre-Lord-Above-lyrics
With You,Drake,2016,1032400,https://genius.com/Drake-With-You-lyrics
Look Alive,BlocBoy JB,2018,1583505,https://genius.com/BlocBoy-JB-Look-Alive-lyrics
Boyfriend,Ariana Grande & Social House,2019,1009606,https://genius.com/Ariana-Grande-Social-House-Boyfriend-lyrics
We Made It,Louis Tomlinson,2019,189604,https://genius.com/Louis-Tomlinson-We-Made-It-lyrics
Good Morning,Kanye West,2007,921916,https://genius.com/Kanye-West-Good-Morning-lyrics
Karate Chop Remix,Future,2013,424841,https://genius.com/Future-Karate-Chop-Remix-lyrics
Call Me Mother,RuPaul,2017,320612,https://genius.com/RuPaul-Call-Me-Mother-lyrics
Giorgio by Moroder,Daft Punk,2013,365181,https://genius.com/Daft-Punk-Giorgio-by-Moroder-lyrics
Someone New,Hozier,2014,311423,https://genius.com/Hozier-Someone-New-lyrics
STUPID,Ashnikko,2019,610158,https://genius.com/Ashnikko-STUPID-lyrics
Stronger Than I Was,Eminem,2013,926976,https://genius.com/Eminem-Stronger-Than-I-Was-lyrics
No Worries,Lil Wayne,2012,766736,https://genius.com/Lil-Wayne-No-Worries-lyrics
Arsonists Lullabye,Hozier,2014,195075,https://genius.com/Hozier-Arsonists-Lullabye-lyrics
Uma Thurman,Fall Out Boy,2015,466521,https://genius.com/Fall-Out-Boy-Uma-Thurman-lyrics
Look Alive Remix,Joyner Lucas,2018,313173,https://genius.com/Joyner-Lucas-Look-Alive-Remix-lyrics
SICKO MODE,Travis Scott,2018,9078511,https://genius.com/Travis-Scott-SICKO-MODE-lyrics
I Feel Like Dying,Lil Wayne,2007,307884,https://genius.com/Lil-Wayne-I-Feel-Like-Dying-lyrics
It Aint Hard to Tell,Nas,1994,566232,https://genius.com/Nas-It-Aint-Hard-to-Tell-lyrics
You’re Now Tuning in to 66.6 FM with DJ Rapture The Hottest Hour of the Evening,$UICIDEBOY$,2017,305972,https://genius.com/UICIDEBOY-You’re-Now-Tuning-in-to-666-FM-with-DJ-Rapture-The-Hottest-Hour-of-the-Evening-lyrics
Navy Seal Copypasta,Copypasta,2010,1402406,https://genius.com/Copypasta-Navy-Seal-Copypasta-lyrics
Memory,Andrew Lloyd Webber,1983,499523,https://genius.com/Andrew-Lloyd-Webber-Memory-lyrics
Believe,Eminem,2017,938394,https://genius.com/Eminem-Believe-lyrics
Solar Power,Lorde,2021,535067,https://genius.com/Lorde-Solar-Power-lyrics
You Dont Know,Katelyn Tarver,2017,555819,https://genius.com/Katelyn-Tarver-You-Dont-Know-lyrics
Young Sinatra III,Logic,2012,255270,https://genius.com/Logic-Young-Sinatra-III-lyrics
Exodus 23:1,Pusha T,2012,598234,https://genius.com/Pusha-T-Exodus-231-lyrics
Gandhi vs Martin Luther King Jr.,Epic Rap Battles of History,2013,188051,https://genius.com/Epic-Rap-Battles-of-History-Gandhi-vs-Martin-Luther-King-Jr-lyrics
Natural,Imagine Dragons,2018,829060,https://genius.com/Imagine-Dragons-Natural-lyrics
Boyz-n-the Hood,Eazy-E,1987,807531,https://genius.com/EazyE-Boyznthe-Hood-lyrics
This City,Sam Fischer,2018,253234,https://genius.com/Sam-Fischer-This-City-lyrics
Beat My Meat,Ugly God,2015,521922,https://genius.com/Ugly-God-Beat-My-Meat-lyrics
Back Up,DeJ Loaf,2015,833295,https://genius.com/DeJ-Loaf-Back-Up-lyrics
Tennis Court,Lorde,2013,580569,https://genius.com/Lorde-Tennis-Court-lyrics
Plain Jane Remix,A$AP Ferg,2017,3235312,https://genius.com/AAP-Ferg-Plain-Jane-Remix-lyrics
Grown Woman,Beyonc,2013,323112,https://genius.com/Beyonc-Grown-Woman-lyrics
Woman Like Me,Little Mix,2018,620620,https://genius.com/Little-Mix-Woman-Like-Me-lyrics
​ocean eyes blackbear Remix,Billie Eilish,2017,352681,https://genius.com/Billie-Eilish-​ocean-eyes-blackbear-Remix-lyrics
Stupid Love,Lady Gaga,2020,230372,https://genius.com/Lady-Gaga-Stupid-Love-lyrics
Slogans,Fast Food,2013,302529,https://genius.com/Fast-Food-Slogans-lyrics
Love,Keyshia Cole,2005,282090,https://genius.com/Keyshia-Cole-Love-lyrics
Come Back Baby,Pusha T,2018,244432,https://genius.com/Pusha-T-Come-Back-Baby-lyrics
One Last Time,Ariana Grande,2014,904057,https://genius.com/Ariana-Grande-One-Last-Time-lyrics
Yoncé,Beyonc,2013,198205,https://genius.com/Beyonc-Yoncé-lyrics
Radioactive,Imagine Dragons,2012,930342,https://genius.com/Imagine-Dragons-Radioactive-lyrics
RAF,A$AP Mob,2017,1019723,https://genius.com/AAP-Mob-RAF-lyrics
Drowning Shadows,Drowning Shadows Lyrics - Sam Smith,2015,191425,https://genius.com/Drowning-Shadows-Lyrics-Sam-Smith-Drowning-Shadows-lyrics
Wait The Whisper Song,Ying Yang Twins,2005,351562,https://genius.com/Ying-Yang-Twins-Wait-The-Whisper-Song-lyrics
Helium,Sia,2017,674024,https://genius.com/Sia-Helium-lyrics
Big Spender,Theophilus London,2012,377120,https://genius.com/Theophilus-London-Big-Spender-lyrics
Drinks On Us Remix,Mike WiLL Made-It,2015,369379,https://genius.com/Mike-WiLL-MadeIt-Drinks-On-Us-Remix-lyrics
Once Upon a Time,Mariahlynn,2015,484657,https://genius.com/Mariahlynn-Once-Upon-a-Time-lyrics
Professor X,Dave,2019,309308,https://genius.com/Dave-Professor-X-lyrics
Songs Based On Historical Events,Genius Lists,2015,295937,https://genius.com/Genius-Lists-Songs-Based-On-Historical-Events-lyrics
Fall in Line,Christina Aguilera,2018,423034,https://genius.com/Christina-Aguilera-Fall-in-Line-lyrics
Forever Young,Alphaville,1984,350120,https://genius.com/Alphaville-Forever-Young-lyrics
Heart Attack,Dave,2021,189466,https://genius.com/Dave-Heart-Attack-lyrics
Hella Hoes,A$AP Mob,2014,472785,https://genius.com/AAP-Mob-Hella-Hoes-lyrics
Betrayed,Lil Xan,2017,1863814,https://genius.com/Lil-Xan-Betrayed-lyrics
Shut It Down,Drake,2010,449935,https://genius.com/Drake-Shut-It-Down-lyrics
1985,J. Cole,2018,1600078,https://genius.com/J-Cole-1985-lyrics
POP,Lil Uzi Vert,2020,300890,https://genius.com/Lil-Uzi-Vert-POP-lyrics
So Many Tears,2Pac,1995,469757,https://genius.com/2Pac-So-Many-Tears-lyrics
All in My Head Flex,Fifth Harmony,2016,219376,https://genius.com/Fifth-Harmony-All-in-My-Head-Flex-lyrics
White Mustang,Lana Del Rey,2017,388769,https://genius.com/Lana-Del-Rey-White-Mustang-lyrics
Shes So Nice,Pink Guy,2017,278526,https://genius.com/Pink-Guy-Shes-So-Nice-lyrics
Love Hurts,Playboi Carti,2018,286029,https://genius.com/Playboi-Carti-Love-Hurts-lyrics
Buttercup,Jack Stauber,2017,573561,https://genius.com/Jack-Stauber-Buttercup-lyrics
Go Legend,Big Sean & Metro Boomin,2017,312252,https://genius.com/Big-Sean-Metro-Boomin-Go-Legend-lyrics
Boom Clap,Charli XCX,2014,187645,https://genius.com/Charli-XCX-Boom-Clap-lyrics
LUMBERJACK,"Tyler, The Creator",2021,494539,https://genius.com/Tyler-The-Creator-LUMBERJACK-lyrics
Topanga,Trippie Redd,2018,567295,https://genius.com/Trippie-Redd-Topanga-lyrics
90210,blackbear,2015,265085,https://genius.com/blackbear-90210-lyrics
A Hard Rains A-Gonna Fall,Bob Dylan,1963,199746,https://genius.com/Bob-Dylan-A-Hard-Rains-AGonna-Fall-lyrics
Hands on the Wheel,ScHoolboy Q,2012,1087774,https://genius.com/ScHoolboy-Q-Hands-on-the-Wheel-lyrics
Hopeless,Khalid,2016,190905,https://genius.com/Khalid-Hopeless-lyrics
Ten Nine Fourteen,Bryson Tiller,2015,189500,https://genius.com/Bryson-Tiller-Ten-Nine-Fourteen-lyrics
Luvsic Part 3,Nujabes,2005,202550,https://genius.com/Nujabes-Luvsic-Part-3-lyrics
Golden Brown,The Stranglers,1981,235751,https://genius.com/The-Stranglers-Golden-Brown-lyrics
TPL OTP Plugged In Freestyle,OTP,2020,488243,https://genius.com/OTP-TPL-OTP-Plugged-In-Freestyle-lyrics
Dance to This,Troye Sivan,2018,340961,https://genius.com/Troye-Sivan-Dance-to-This-lyrics
Nara,alt-J,2014,194460,https://genius.com/altJ-Nara-lyrics
Shotta Flow 3,NLE Choppa,2019,415566,https://genius.com/NLE-Choppa-Shotta-Flow-3-lyrics
Blues Freestyle/We Family,JAY-Z,2017,189811,https://genius.com/JAYZ-Blues-FreestyleWe-Family-lyrics
High for Hours,J. Cole,2017,479560,https://genius.com/J-Cole-High-for-Hours-lyrics
Dior,Pop Smoke,2019,1657376,https://genius.com/Pop-Smoke-Dior-lyrics
Shooters,Tory Lanez,2017,207332,https://genius.com/Tory-Lanez-Shooters-lyrics
Yonkers,"Tyler, The Creator",2011,3173077,https://genius.com/Tyler-The-Creator-Yonkers-lyrics
You Said Youd Grow Old with Me,Michael Schulte,2012,213081,https://genius.com/Michael-Schulte-You-Said-Youd-Grow-Old-with-Me-lyrics
We Are Number One,LazyTown,2014,639877,https://genius.com/LazyTown-We-Are-Number-One-lyrics
Made You Look,Nas,2002,228213,https://genius.com/Nas-Made-You-Look-lyrics
At My Best,Machine Gun Kelly,2017,505682,https://genius.com/Machine-Gun-Kelly-At-My-Best-lyrics
Ghetto Gospel,2Pac,2005,451018,https://genius.com/2Pac-Ghetto-Gospel-lyrics
Centuries,Fall Out Boy,2014,523456,https://genius.com/Fall-Out-Boy-Centuries-lyrics
Golden,"Tyler, The Creator",2011,288375,https://genius.com/Tyler-The-Creator-Golden-lyrics
SUPERPOSITION,Daniel Caesar,2019,199337,https://genius.com/Daniel-Caesar-SUPERPOSITION-lyrics
Mind Playing Tricks on Me,Geto Boys,1991,516223,https://genius.com/Geto-Boys-Mind-Playing-Tricks-on-Me-lyrics
The Watcher,Dr. Dre,1999,236582,https://genius.com/Dr-Dre-The-Watcher-lyrics
MODUS,Joji,2020,270476,https://genius.com/Joji-MODUS-lyrics
Aquemini,OutKast,1998,523952,https://genius.com/OutKast-Aquemini-lyrics
Ashley,Halsey,2020,276122,https://genius.com/Halsey-Ashley-lyrics
MEGATRON,Nicki Minaj,2019,394369,https://genius.com/Nicki-Minaj-MEGATRON-lyrics
Learning to Fly,Tom Petty and the Heartbreakers,1991,200485,https://genius.com/Tom-Petty-and-the-Heartbreakers-Learning-to-Fly-lyrics
Forever,Justin Bieber,2020,247693,https://genius.com/Justin-Bieber-Forever-lyrics
How Long,Charlie Puth,2017,1001786,https://genius.com/Charlie-Puth-How-Long-lyrics
Youth,Glass Animals,2016,293570,https://genius.com/Glass-Animals-Youth-lyrics
If You Know You Know,Pusha T,2018,424769,https://genius.com/Pusha-T-If-You-Know-You-Know-lyrics
Webbie,Young Thug,2016,240917,https://genius.com/Young-Thug-Webbie-lyrics
Cupids Chokehold / Breakfast in America,Gym Class Heroes,2005,367311,https://genius.com/Gym-Class-Heroes-Cupids-Chokehold-Breakfast-in-America-lyrics
I Just Wanna Love U Give it 2 Me,JAY-Z,2000,366889,https://genius.com/JAYZ-I-Just-Wanna-Love-U-Give-it-2-Me-lyrics
Boasty Remix,"Wiley, Stefflon Don & Sean Paul",2019,193466,https://genius.com/Wiley-Stefflon-Don-Sean-Paul-Boasty-Remix-lyrics
​anxiety,blackbear & FRND,2017,223627,https://genius.com/blackbear-FRND-​anxiety-lyrics
No Regrets,Eminem,2020,435875,https://genius.com/Eminem-No-Regrets-lyrics
I Took a Pill in Ibiza,Mike Posner,2015,1748799,https://genius.com/Mike-Posner-I-Took-a-Pill-in-Ibiza-lyrics
Intro Under Pressure,Logic,2014,217774,https://genius.com/Logic-Intro-Under-Pressure-lyrics
Blinded by the Light,Bruce Springsteen,1973,262565,https://genius.com/Bruce-Springsteen-Blinded-by-the-Light-lyrics
New Choppa,Playboi Carti,2017,421465,https://genius.com/Playboi-Carti-New-Choppa-lyrics
Walk on Water,Thirty Seconds to Mars,2017,195305,https://genius.com/Thirty-Seconds-to-Mars-Walk-on-Water-lyrics
Its Quiet Uptown,"It's Quiet Uptown Lyrics - Lin-Manuel Miranda, Phillipa Soo, Original Broadway Cast of ""Hamilton"" & Rene Elise Goldsberry",2015,1105559,https://genius.com/Its-Quiet-Uptown-Lyrics-LinManuel-Miranda-Phillipa-Soo-Original-Broadway-Cast-of-Hamilton-Rene-Elise-Goldsberry-Its-Quiet-Uptown-lyrics
Options,Pitbull,2017,211248,https://genius.com/Pitbull-Options-lyrics
Strawberry Peels,Lil Uzi Vert,2020,204293,https://genius.com/Lil-Uzi-Vert-Strawberry-Peels-lyrics
Started from the Bottom,Drake,2013,3418931,https://genius.com/Drake-Started-from-the-Bottom-lyrics
Lean On,Major Lazer,2015,1033022,https://genius.com/Major-Lazer-Lean-On-lyrics
Shes Mine Pt. 1,J. Cole,2016,949262,https://genius.com/J-Cole-Shes-Mine-Pt-1-lyrics
​suck my blood,Lil Peep,2016,349442,https://genius.com/Lil-Peep-​suck-my-blood-lyrics
Whiskey in the Jar,The Dubliners,1999,192003,https://genius.com/The-Dubliners-Whiskey-in-the-Jar-lyrics
Make It Rain,Pop Smoke,2020,216779,https://genius.com/Pop-Smoke-Make-It-Rain-lyrics
Magic in the Hamptons,Social House,2018,303494,https://genius.com/Social-House-Magic-in-the-Hamptons-lyrics
Mine,Bazzi,2017,1814767,https://genius.com/Bazzi-Mine-lyrics
Five Nights at Freddys,The Living Tombstone,2014,345756,https://genius.com/The-Living-Tombstone-Five-Nights-at-Freddys-lyrics
Top 100 Rap Songs of 2013,Rap Genius,2013,1318026,https://genius.com/Rap-Genius-Top-100-Rap-Songs-of-2013-lyrics
Miss America,J. Cole,2012,375416,https://genius.com/J-Cole-Miss-America-lyrics
Professional,The Weeknd,2013,641734,https://genius.com/The-Weeknd-Professional-lyrics
Juke Jam,Chance the Rapper,2016,865560,https://genius.com/Chance-the-Rapper-Juke-Jam-lyrics
No Scrubs With Rap,TLC,1999,1744368,https://genius.com/TLC-No-Scrubs-With-Rap-lyrics
Know Your Enemy,Rage Against the Machine,1992,392836,https://genius.com/Rage-Against-the-Machine-Know-Your-Enemy-lyrics
Sunshine,The Panturas,2018,260111,https://genius.com/The-Panturas-Sunshine-lyrics
Only,NF & Sasha Alex Sloan,2019,382068,https://genius.com/NF-Sasha-Alex-Sloan-Only-lyrics
Feels Like We Only Go Backwards,Tame Impala,2012,520959,https://genius.com/Tame-Impala-Feels-Like-We-Only-Go-Backwards-lyrics
Rack City,Tyga,2011,769253,https://genius.com/Tyga-Rack-City-lyrics
This Is What Makes Us Girls,Lana Del Rey,2012,296042,https://genius.com/Lana-Del-Rey-This-Is-What-Makes-Us-Girls-lyrics
Trust You,Pusha T,2013,319801,https://genius.com/Pusha-T-Trust-You-lyrics
Pornography,Travis Scott,2015,667054,https://genius.com/Travis-Scott-Pornography-lyrics
Like Me,2 Chainz,2012,238176,https://genius.com/2-Chainz-Like-Me-lyrics
Bad Bunny Jowell  Randy  Ñengo Flow - Safaera English Translation,Genius English Translations,2020,491795,https://genius.com/Genius-English-Translations-Bad-Bunny-Jowell-Randy-Ñengo-Flow-Safaera-English-Translation-lyrics
Fingers Crossed,Lauren Spencer-Smith,2022,284001,https://genius.com/Lauren-SpencerSmith-Fingers-Crossed-lyrics
Nosetalgia,Pusha T,2013,704916,https://genius.com/Pusha-T-Nosetalgia-lyrics
Options,PARTYNEXTDOOR,2014,351757,https://genius.com/PARTYNEXTDOOR-Options-lyrics
Bump n Grind,R. Kelly,1994,236316,https://genius.com/R-Kelly-Bump-n-Grind-lyrics
Boss,Lil Pump,2017,856412,https://genius.com/Lil-Pump-Boss-lyrics
777,Kid Trunks,2017,234544,https://genius.com/Kid-Trunks-777-lyrics
Space Oddity,David Bowie,1969,969132,https://genius.com/David-Bowie-Space-Oddity-lyrics
Im Yours,Jason Mraz,2008,1383324,https://genius.com/Jason-Mraz-Im-Yours-lyrics
CANT GET OVER YOU,Joji,2018,450205,https://genius.com/Joji-CANT-GET-OVER-YOU-lyrics
Marceline,WILLOW,2015,215630,https://genius.com/WILLOW-Marceline-lyrics
Empire State of Mind Part II Broken Down,Alicia Keys,2010,378301,https://genius.com/Alicia-Keys-Empire-State-of-Mind-Part-II-Broken-Down-lyrics
Water,Kanye West,2019,307704,https://genius.com/Kanye-West-Water-lyrics
Leave Me Lonely,Ariana Grande,2016,228556,https://genius.com/Ariana-Grande-Leave-Me-Lonely-lyrics
Crying in the Club,Camila Cabello,2017,800107,https://genius.com/Camila-Cabello-Crying-in-the-Club-lyrics
Tears in Heaven,Eric Clapton,1992,304964,https://genius.com/Eric-Clapton-Tears-in-Heaven-lyrics
Pull Up on a Kid,Pull Up on a Kid Lyrics - Young Thug,2015,263497,https://genius.com/Pull-Up-on-a-Kid-Lyrics-Young-Thug-Pull-Up-on-a-Kid-lyrics
Love Without Tragedy / Mother Mary,Rihanna,2012,199915,https://genius.com/Rihanna-Love-Without-Tragedy-Mother-Mary-lyrics
I Have a Dream,Martin Luther King Jr.,1963,269062,https://genius.com/Martin-Luther-King-Jr-I-Have-a-Dream-lyrics
Pretty Mami,Lil Uzi Vert,2017,192971,https://genius.com/Lil-Uzi-Vert-Pretty-Mami-lyrics
Killer Remix,"Eminem, Jack Harlow & Cordae",2021,422966,https://genius.com/Eminem-Jack-Harlow-Cordae-Killer-Remix-lyrics
Thim Slick,Fabolous,2013,392242,https://genius.com/Fabolous-Thim-Slick-lyrics
X,"ScHoolboy Q, 2 Chainz & Saudi",2018,819916,https://genius.com/ScHoolboy-Q-2-Chainz-Saudi-X-lyrics
Because the Night,Patti Smith Group,1978,206885,https://genius.com/Patti-Smith-Group-Because-the-Night-lyrics
Thug Waffle,Flatbush Zombies,2011,382022,https://genius.com/Flatbush-Zombies-Thug-Waffle-lyrics
Hot Nigga,Bobby Shmurda,2014,5208000,https://genius.com/Bobby-Shmurda-Hot-Nigga-lyrics
In da Club,50 Cent,2003,2005139,https://genius.com/50-Cent-In-da-Club-lyrics
One Night,Lil Yachty,2015,517267,https://genius.com/Lil-Yachty-One-Night-lyrics
Huey,Earl Sweatshirt,2015,226444,https://genius.com/Earl-Sweatshirt-Huey-lyrics
Alaska,Maggie Rogers,2016,246380,https://genius.com/Maggie-Rogers-Alaska-lyrics
Hailies Song,Eminem,2002,628773,https://genius.com/Eminem-Hailies-Song-lyrics
Wake Up,EDEN,2015,497924,https://genius.com/EDEN-Wake-Up-lyrics
Insane in the Brain,Cypress Hill,1993,346889,https://genius.com/Cypress-Hill-Insane-in-the-Brain-lyrics
Minnesota,Lil Yachty,2015,470651,https://genius.com/Lil-Yachty-Minnesota-lyrics
Foreigner,Pop Smoke,2020,191816,https://genius.com/Pop-Smoke-Foreigner-lyrics
Maluma - Hawái English Translation,Genius English Translations,2020,264566,https://genius.com/Genius-English-Translations-Maluma-Hawái-English-Translation-lyrics
Sure Thing,BLACKPINK,2017,320562,https://genius.com/BLACKPINK-Sure-Thing-lyrics
​ghost girl,Lil Peep,2016,227085,https://genius.com/Lil-Peep-​ghost-girl-lyrics
Bad Remix,Wale,2013,929217,https://genius.com/Wale-Bad-Remix-lyrics
Wait For Me Reprise,Andr De Shields & Hadestown Original Broadway Company,2019,209608,https://genius.com/Andr-De-Shields-Hadestown-Original-Broadway-Company-Wait-For-Me-Reprise-lyrics
We Are the World 25 for Haiti,Artists For Haiti,2010,196817,https://genius.com/Artists-For-Haiti-We-Are-the-World-25-for-Haiti-lyrics
Call Me,Blondie,1980,281755,https://genius.com/Blondie-Call-Me-lyrics
Drank In My Cup,Kirko Bangz,2011,1527850,https://genius.com/Kirko-Bangz-Drank-In-My-Cup-lyrics
Wretch 32  Avelino - Fire In The Booth,Charlie Sloth,2015,258455,https://genius.com/Charlie-Sloth-Wretch-32-Avelino-Fire-In-The-Booth-lyrics
Wheels on the Bus,Melanie Martinez,2019,318741,https://genius.com/Melanie-Martinez-Wheels-on-the-Bus-lyrics
In the Morning,J. Cole,2010,893544,https://genius.com/J-Cole-In-the-Morning-lyrics
Lonely,Akon,2004,503393,https://genius.com/Akon-Lonely-lyrics
​goodbye,Billie Eilish,2019,550037,https://genius.com/Billie-Eilish-​goodbye-lyrics
What If I Told You That I Love You,Ali Gatie,2020,342780,https://genius.com/Ali-Gatie-What-If-I-Told-You-That-I-Love-You-lyrics
Liquor,Chris Brown,2015,277222,https://genius.com/Chris-Brown-Liquor-lyrics
8 Out of 10,Drake,2018,715248,https://genius.com/Drake-8-Out-of-10-lyrics
In Too Deep,Sum 41,2001,317535,https://genius.com/Sum-41-In-Too-Deep-lyrics
Many Men Wish Death,50 Cent,2003,1333008,https://genius.com/50-Cent-Many-Men-Wish-Death-lyrics
Dirty Dirty,Charlotte Cardin,2016,269794,https://genius.com/Charlotte-Cardin-Dirty-Dirty-lyrics
Bad,Wale,2013,3656523,https://genius.com/Wale-Bad-lyrics
Let Your Heart Hold Fast,Fort Atlantic,2012,201567,https://genius.com/Fort-Atlantic-Let-Your-Heart-Hold-Fast-lyrics
Cant Be Broken,Lil Wayne,2018,430618,https://genius.com/Lil-Wayne-Cant-Be-Broken-lyrics
Planez,Jeremih,2015,2552188,https://genius.com/Jeremih-Planez-lyrics
I Won’t Say I’m In Love,"Susan Egan, Cheryl Freeman, LaChanze, Vaneese Thomas & Lillias White",1997,226524,https://genius.com/Susan-Egan-Cheryl-Freeman-LaChanze-Vaneese-Thomas-Lillias-White-I-Won’t-Say-I’m-In-Love-lyrics
Enemy,Imagine Dragons & JID,2021,478943,https://genius.com/Imagine-Dragons-JID-Enemy-lyrics
Cant Feel My Face,The Weeknd,2015,4139243,https://genius.com/The-Weeknd-Cant-Feel-My-Face-lyrics
44 More,Logic,2018,1644997,https://genius.com/Logic-44-More-lyrics
Ten Crack Commandments,The Notorious B.I.G.,1997,1144477,https://genius.com/The-Notorious-BIG-Ten-Crack-Commandments-lyrics
BTS - Cypher Pt. 3: Killer English Translation,Genius English Translations,2014,310935,https://genius.com/Genius-English-Translations-BTS-Cypher-Pt-3-Killer-English-Translation-lyrics
Paul,Big Thief,2016,237891,https://genius.com/Big-Thief-Paul-lyrics
BTS - Converse High English Translation,Genius English Translations,2016,364050,https://genius.com/Genius-English-Translations-BTS-Converse-High-English-Translation-lyrics
German,EO,2018,253007,https://genius.com/EO-German-lyrics
Givenchy,DDG,2017,225780,https://genius.com/DDG-Givenchy-lyrics
Livin on a Prayer,Bon Jovi,1986,473647,https://genius.com/Bon-Jovi-Livin-on-a-Prayer-lyrics
Letter 2 My Unborn,2Pac,2001,261268,https://genius.com/2Pac-Letter-2-My-Unborn-lyrics
Sky Walker,Miguel,2017,995747,https://genius.com/Miguel-Sky-Walker-lyrics
Change In the House of Flies,Deftones,2000,190625,https://genius.com/Deftones-Change-In-the-House-of-Flies-lyrics
Lucid Dreams,Juice WRLD,2017,4695119,https://genius.com/Juice-WRLD-Lucid-Dreams-lyrics
Cole Summer,J. Cole,2013,533684,https://genius.com/J-Cole-Cole-Summer-lyrics
LUV SCARS K.o 1600,Lil Uzi Vert,2017,349834,https://genius.com/Lil-Uzi-Vert-LUV-SCARS-Ko-1600-lyrics
The Way I Are,Timbaland,2007,236653,https://genius.com/Timbaland-The-Way-I-Are-lyrics
El Scorcho,Weezer,1996,323691,https://genius.com/Weezer-El-Scorcho-lyrics
Friday Night Cypher,Big Sean,2020,491399,https://genius.com/Big-Sean-Friday-Night-Cypher-lyrics
Beautiful People,Ed Sheeran,2019,659007,https://genius.com/Ed-Sheeran-Beautiful-People-lyrics
Hot Remix,Young Thug,2019,744832,https://genius.com/Young-Thug-Hot-Remix-lyrics
Gooey,Glass Animals,2014,489906,https://genius.com/Glass-Animals-Gooey-lyrics
Glorious,Macklemore,2017,1358794,https://genius.com/Macklemore-Glorious-lyrics
Die For Me,Post Malone,2019,619333,https://genius.com/Post-Malone-Die-For-Me-lyrics
Hurt,Nine Inch Nails,1994,389490,https://genius.com/Nine-Inch-Nails-Hurt-lyrics
Earned It,The Weeknd,2014,1599269,https://genius.com/The-Weeknd-Earned-It-lyrics
Pigs Three Different Ones,Pink Floyd,1977,257085,https://genius.com/Pink-Floyd-Pigs-Three-Different-Ones-lyrics
Halftime,Nas,1992,429701,https://genius.com/Nas-Halftime-lyrics
Karma,Summer Walker,2018,244202,https://genius.com/Summer-Walker-Karma-lyrics
Water Under the Bridge,Adele,2015,527262,https://genius.com/Adele-Water-Under-the-Bridge-lyrics
The Invitation,Nick Cannon,2019,215599,https://genius.com/Nick-Cannon-The-Invitation-lyrics
Brown Paper Bag,Migos,2017,231010,https://genius.com/Migos-Brown-Paper-Bag-lyrics
Hide Away,Daya,2015,197452,https://genius.com/Daya-Hide-Away-lyrics
I Want It,Juice WRLD,2020,202953,https://genius.com/Juice-WRLD-I-Want-It-lyrics
Lil’ Kleine  Ronnie Flex - Drank  Drugs ft. New Wave English Translation,Genius English Translations,2015,301720,https://genius.com/Genius-English-Translations-Lil’-Kleine-Ronnie-Flex-Drank-Drugs-ft-New-Wave-English-Translation-lyrics
Star67,Drake,2015,1159485,https://genius.com/Drake-Star67-lyrics
Secrets,OneRepublic,2009,560888,https://genius.com/OneRepublic-Secrets-lyrics
Gentleman,SL,2017,752142,https://genius.com/SL-Gentleman-lyrics
Controlla Remix,Tory Lanez,2016,360712,https://genius.com/Tory-Lanez-Controlla-Remix-lyrics
Hallelujah,Jeff Buckley,1994,655454,https://genius.com/Jeff-Buckley-Hallelujah-lyrics
No New Friends,DJ Khaled,2013,1550794,https://genius.com/DJ-Khaled-No-New-Friends-lyrics
My Nigga Just Made Bail,Bas,2014,220503,https://genius.com/Bas-My-Nigga-Just-Made-Bail-lyrics
Long Live the Chief,Jidenna,2015,317062,https://genius.com/Jidenna-Long-Live-the-Chief-lyrics
Shelter,Porter Robinson & Madeon,2016,509624,https://genius.com/Porter-Robinson-Madeon-Shelter-lyrics
Her,Majid Jordan,2014,244544,https://genius.com/Majid-Jordan-Her-lyrics
​sex,EDEN,2016,392296,https://genius.com/EDEN-​sex-lyrics
​beibs in the trap,Travis Scott,2016,2075748,https://genius.com/Travis-Scott-​beibs-in-the-trap-lyrics
Shoot,BlocBoy JB,2017,209499,https://genius.com/BlocBoy-JB-Shoot-lyrics
Junya,Kanye West,2021,617701,https://genius.com/Kanye-West-Junya-lyrics
Black Smoke Rising,Greta Van Fleet,2017,264403,https://genius.com/Greta-Van-Fleet-Black-Smoke-Rising-lyrics
Kanye West,Young Thug,2016,271296,https://genius.com/Young-Thug-Kanye-West-lyrics
Torn,Natalie Imbruglia,1997,243867,https://genius.com/Natalie-Imbruglia-Torn-lyrics
Bitch Lasagna,PewDiePie & Party in Backyard,2018,1412036,https://genius.com/PewDiePie-Party-in-Backyard-Bitch-Lasagna-lyrics
Bags,Clairo,2019,303968,https://genius.com/Clairo-Bags-lyrics
I Am,Lil Baby & Gunna,2018,200007,https://genius.com/Lil-Baby-Gunna-I-Am-lyrics
Say So Remix,Doja Cat,2020,989623,https://genius.com/Doja-Cat-Say-So-Remix-lyrics
Zombie,Bad Wolves,2018,342157,https://genius.com/Bad-Wolves-Zombie-lyrics
Revenge,Joyner Lucas,2020,432704,https://genius.com/Joyner-Lucas-Revenge-lyrics
Sosa Chamberlain,Chief Keef,2015,295740,https://genius.com/Chief-Keef-Sosa-Chamberlain-lyrics
Migraine,twenty one pilots,2012,626660,https://genius.com/twenty-one-pilots-Migraine-lyrics
Do My Dance,Tyga,2012,238384,https://genius.com/Tyga-Do-My-Dance-lyrics
Be My Mistake,The 1975,2018,476119,https://genius.com/The-1975-Be-My-Mistake-lyrics
Kid A,Radiohead,2000,205458,https://genius.com/Radiohead-Kid-A-lyrics
PRIDE.,Kendrick Lamar,2017,1777191,https://genius.com/Kendrick-Lamar-PRIDE-lyrics
Hallelujah,Logic,2017,253344,https://genius.com/Logic-Hallelujah-lyrics
Budapest,George Ezra,2013,303582,https://genius.com/George-Ezra-Budapest-lyrics
Lucy in the Sky with Diamonds,The Beatles,1967,467832,https://genius.com/The-Beatles-Lucy-in-the-Sky-with-Diamonds-lyrics
Decalcomania,Jung Kook (),2019,239904,https://genius.com/Jung-Kook-Decalcomania-lyrics
Amityville,Eminem,2000,253061,https://genius.com/Eminem-Amityville-lyrics
6.18.18,Billie Eilish,2018,556894,https://genius.com/Billie-Eilish-61818-lyrics
Old School Love,Lupe Fiasco,2013,246326,https://genius.com/Lupe-Fiasco-Old-School-Love-lyrics
Party Girls,Ludacris,2014,224685,https://genius.com/Ludacris-Party-Girls-lyrics
No Angel,Beyonc,2013,330076,https://genius.com/Beyonc-No-Angel-lyrics
Eyes Closed,Halsey,2017,386487,https://genius.com/Halsey-Eyes-Closed-lyrics
Project Dreams,Marshmello & Roddy Ricch,2018,246901,https://genius.com/Marshmello-Roddy-Ricch-Project-Dreams-lyrics
Hard Piano,Pusha T,2018,255002,https://genius.com/Pusha-T-Hard-Piano-lyrics
XXL Freshmen 2016 Cypher - Part 1,XXL,2016,576084,https://genius.com/XXL-XXL-Freshmen-2016-Cypher-Part-1-lyrics
Dani California,Red Hot Chili Peppers,2006,464641,https://genius.com/Red-Hot-Chili-Peppers-Dani-California-lyrics
Souvenir,Selena Gomez,2020,272037,https://genius.com/Selena-Gomez-Souvenir-lyrics
Thief in the Night,Young Thug,2015,675032,https://genius.com/Young-Thug-Thief-in-the-Night-lyrics
Wild Thoughts,DJ Khaled,2017,3090921,https://genius.com/DJ-Khaled-Wild-Thoughts-lyrics
Reputation Prologue,Taylor Swift,2017,191976,https://genius.com/Taylor-Swift-Reputation-Prologue-lyrics
Modern Loneliness,Lauv,2020,223336,https://genius.com/Lauv-Modern-Loneliness-lyrics
What Makes You Beautiful,One Direction,2011,623621,https://genius.com/One-Direction-What-Makes-You-Beautiful-lyrics
BTS - Whalien 52 English Translation,Genius English Translations,2015,286014,https://genius.com/Genius-English-Translations-BTS-Whalien-52-English-Translation-lyrics
Surf,Mac Miller,2020,305414,https://genius.com/Mac-Miller-Surf-lyrics
Cant Stop,Red Hot Chili Peppers,2003,671753,https://genius.com/Red-Hot-Chili-Peppers-Cant-Stop-lyrics
One,U2,1992,632503,https://genius.com/U2-One-lyrics
Doves in the Wind,SZA,2017,944984,https://genius.com/SZA-Doves-in-the-Wind-lyrics
Now Im Up to My Neck With Offers,$UICIDEBOY$,2017,371903,https://genius.com/UICIDEBOY-Now-Im-Up-to-My-Neck-With-Offers-lyrics
Kill Em With Kindness,Selena Gomez,2016,230041,https://genius.com/Selena-Gomez-Kill-Em-With-Kindness-lyrics
Lithium,Nirvana,1992,848115,https://genius.com/Nirvana-Lithium-lyrics
Waving Through a Window,Ben Platt & Original Broadway Cast of Dear Evan Hansen,2017,890718,https://genius.com/Ben-Platt-Original-Broadway-Cast-of-Dear-Evan-Hansen-Waving-Through-a-Window-lyrics
BOSS,THE CARTERS,2018,471216,https://genius.com/THE-CARTERS-BOSS-lyrics
Never Let Me Down,Kanye West,2004,693524,https://genius.com/Kanye-West-Never-Let-Me-Down-lyrics
Nice For What,Drake,2018,2942444,https://genius.com/Drake-Nice-For-What-lyrics
My Suicide Letter,X (random),2014,192190,https://genius.com/X-random-My-Suicide-Letter-lyrics
BTS - Im Fine English Translation,Genius English Translations,2018,503204,https://genius.com/Genius-English-Translations-BTS-Im-Fine-English-Translation-lyrics
Roses Imanbek Remix,SAINt JHN,2019,448605,https://genius.com/SAINt-JHN-Roses-Imanbek-Remix-lyrics
Stranger Things,Kygo,2017,281051,https://genius.com/Kygo-Stranger-Things-lyrics
Heaven,JAY-Z,2013,653231,https://genius.com/JAYZ-Heaven-lyrics
Grace,Lil Baby & 42 Dugg,2020,418874,https://genius.com/Lil-Baby-42-Dugg-Grace-lyrics
Seduction,Eminem,2010,316510,https://genius.com/Eminem-Seduction-lyrics
​drivers license,Olivia Rodrigo,2021,3643348,https://genius.com/Olivia-Rodrigo-​drivers-license-lyrics
No,Meghan Trainor,2016,1522917,https://genius.com/Meghan-Trainor-No-lyrics
Through the Valley,Shawn James,2012,381308,https://genius.com/Shawn-James-Through-the-Valley-lyrics
Cleanin Out My Closet,Eminem,2002,1616362,https://genius.com/Eminem-Cleanin-Out-My-Closet-lyrics
Canadian Goose,Lil Uzi Vert,2016,294336,https://genius.com/Lil-Uzi-Vert-Canadian-Goose-lyrics
Should Have Known Better,Sufjan Stevens,2015,378028,https://genius.com/Sufjan-Stevens-Should-Have-Known-Better-lyrics
Broad Shoulders,Broad Shoulders Lyrics - Taylor Bennett,2015,208313,https://genius.com/Broad-Shoulders-Lyrics-Taylor-Bennett-Broad-Shoulders-lyrics
Know Better,OFB,2018,253754,https://genius.com/OFB-Know-Better-lyrics
Uptown,Drake,2009,317936,https://genius.com/Drake-Uptown-lyrics
PORN,Lil Barnacle & Lil LimaBean,2017,214134,https://genius.com/Lil-Barnacle-Lil-LimaBean-PORN-lyrics
Older,Sasha Alex Sloan,2018,238174,https://genius.com/Sasha-Alex-Sloan-Older-lyrics
Baby,Justin Bieber,2010,2232442,https://genius.com/Justin-Bieber-Baby-lyrics
Ignant Shit,Drake,2009,215069,https://genius.com/Drake-Ignant-Shit-lyrics
Nothings Gonna Hurt You Baby,Cigarettes After Sex,2012,364582,https://genius.com/Cigarettes-After-Sex-Nothings-Gonna-Hurt-You-Baby-lyrics
Be Alone,Childish Gambino,2011,192820,https://genius.com/Childish-Gambino-Be-Alone-lyrics
​i love you,Billie Eilish,2019,1874919,https://genius.com/Billie-Eilish-​i-love-you-lyrics
Cookie Thumper,Die Antwoord,2013,267617,https://genius.com/Die-Antwoord-Cookie-Thumper-lyrics
03 Bonnie  Clyde,JAY-Z,2002,653766,https://genius.com/JAYZ-03-Bonnie-Clyde-lyrics
Never Be Alone,Shawn Mendes,2015,192583,https://genius.com/Shawn-Mendes-Never-Be-Alone-lyrics
One,Ed Sheeran,2014,251828,https://genius.com/Ed-Sheeran-One-lyrics
New York Times,J. Cole,2013,263589,https://genius.com/J-Cole-New-York-Times-lyrics
Potato Salad,"Tyler, The Creator & A$AP Rocky",2018,800829,https://genius.com/Tyler-The-Creator-AAP-Rocky-Potato-Salad-lyrics
Keep Ya Head Up,2Pac,1993,1712247,https://genius.com/2Pac-Keep-Ya-Head-Up-lyrics
Devils Train,The Lab Rats,2006,310392,https://genius.com/The-Lab-Rats-Devils-Train-lyrics
Ride,Lana Del Rey,2012,586300,https://genius.com/Lana-Del-Rey-Ride-lyrics
What Goes Around... / ...Comes Around Interlude,Justin Timberlake,2006,252327,https://genius.com/Justin-Timberlake-What-Goes-Around-Comes-Around-Interlude-lyrics
20 Wave Caps,Earl Sweatshirt,2013,227599,https://genius.com/Earl-Sweatshirt-20-Wave-Caps-lyrics
Cocoon,Milky Chance,2016,198340,https://genius.com/Milky-Chance-Cocoon-lyrics
Terrorist Threats,Ab-Soul,2012,764196,https://genius.com/AbSoul-Terrorist-Threats-lyrics
WHAT TO DO?,JACKBOYS & Travis Scott,2019,429650,https://genius.com/JACKBOYS-Travis-Scott-WHAT-TO-DO-lyrics
Locked Away,R. City,2015,610765,https://genius.com/R-City-Locked-Away-lyrics
Wheres the Blow,Ski Mask the Slump God,2016,374806,https://genius.com/Ski-Mask-the-Slump-God-Wheres-the-Blow-lyrics
Life by the Sea,Tubbo,2021,196869,https://genius.com/Tubbo-Life-by-the-Sea-lyrics
Hello,ANTH,2018,287330,https://genius.com/ANTH-Hello-lyrics
I Want It That Way,Backstreet Boys,1999,1066233,https://genius.com/Backstreet-Boys-I-Want-It-That-Way-lyrics
She Will,Lil Wayne,2011,1178584,https://genius.com/Lil-Wayne-She-Will-lyrics
Kill Yourself Part III,$UICIDEBOY$,2015,2673539,https://genius.com/UICIDEBOY-Kill-Yourself-Part-III-lyrics
BTS - INTRO : Never Mind English Translation,Genius English Translations,2015,209920,https://genius.com/Genius-English-Translations-BTS-INTRO-Never-Mind-English-Translation-lyrics
Leaves,Ben&Ben,2017,187829,https://genius.com/BenBen-Leaves-lyrics
No Mediocre,T.I.,2014,507891,https://genius.com/TI-No-Mediocre-lyrics
The Vapors,Jhen Aiko,2013,231467,https://genius.com/Jhen-Aiko-The-Vapors-lyrics
Down,Jay Sean,2009,210256,https://genius.com/Jay-Sean-Down-lyrics
I Miss You,Clean Bandit,2017,401283,https://genius.com/Clean-Bandit-I-Miss-You-lyrics
Detroit vs. Everybody,Eminem,2014,909180,https://genius.com/Eminem-Detroit-vs-Everybody-lyrics
Like I Can,Sam Smith,2014,233539,https://genius.com/Sam-Smith-Like-I-Can-lyrics
Time,Lil Baby,2018,277759,https://genius.com/Lil-Baby-Time-lyrics
That Way,Wale,2011,244779,https://genius.com/Wale-That-Way-lyrics
Last Breath,Last Breath Lyrics - Future,2015,199903,https://genius.com/Last-Breath-Lyrics-Future-Last-Breath-lyrics
Africa,Toto,1982,1566001,https://genius.com/Toto-Africa-lyrics
I Got a Story to Tell,The Notorious B.I.G.,1997,408801,https://genius.com/The-Notorious-BIG-I-Got-a-Story-to-Tell-lyrics
Same Love,Macklemore & Ryan Lewis,2012,3610020,https://genius.com/Macklemore-Ryan-Lewis-Same-Love-lyrics
Headshot,"Lil Tjay, Polo G & Fivio Foreign",2021,276929,https://genius.com/Lil-Tjay-Polo-G-Fivio-Foreign-Headshot-lyrics
Face Down,Meek Mill,2012,219492,https://genius.com/Meek-Mill-Face-Down-lyrics
Watch Out,Watch Out Lyrics - 2 Chainz,2015,453750,https://genius.com/Watch-Out-Lyrics-2-Chainz-Watch-Out-lyrics
FourFiveSeconds,"Rihanna, Kanye West & Paul McCartney",2015,1408897,https://genius.com/Rihanna-Kanye-West-Paul-McCartney-FourFiveSeconds-lyrics
Tuscan Leather,Drake,2013,1578112,https://genius.com/Drake-Tuscan-Leather-lyrics
Ram Ranch,Grant MacDonald,2012,783142,https://genius.com/Grant-MacDonald-Ram-Ranch-lyrics
T-Shirt,Migos,2017,2728232,https://genius.com/Migos-TShirt-lyrics
THATS WHAT I WANT,Lil Nas X,2021,449673,https://genius.com/Lil-Nas-X-THATS-WHAT-I-WANT-lyrics
Fetti,Playboi Carti,2015,601382,https://genius.com/Playboi-Carti-Fetti-lyrics
Look at Me Now,Chris Brown,2011,2726189,https://genius.com/Chris-Brown-Look-at-Me-Now-lyrics
WHERESTHELOVE,Black Eyed Peas,2016,267101,https://genius.com/Black-Eyed-Peas-WHERESTHELOVE-lyrics
Broken Whiskey Glass,Post Malone,2016,280703,https://genius.com/Post-Malone-Broken-Whiskey-Glass-lyrics
Cardi B Bad Bunny  J Balvin - I Like It English Translation,Genius English Translations,2018,336163,https://genius.com/Genius-English-Translations-Cardi-B-Bad-Bunny-J-Balvin-I-Like-It-English-Translation-lyrics
Narcissist,No Rome,2018,203193,https://genius.com/No-Rome-Narcissist-lyrics
Buttons Remix,The Pussycat Dolls,2006,274706,https://genius.com/The-Pussycat-Dolls-Buttons-Remix-lyrics
Better Off Dying,Lil Peep,2017,437010,https://genius.com/Lil-Peep-Better-Off-Dying-lyrics
Wedding,Mac Miller,2014,266178,https://genius.com/Mac-Miller-Wedding-lyrics
4 Min Convo Favorite Song,A Boogie wit da Hoodie,2018,223923,https://genius.com/A-Boogie-wit-da-Hoodie-4-Min-Convo-Favorite-Song-lyrics
No Broken Hearts,Bebe Rexha,2016,212799,https://genius.com/Bebe-Rexha-No-Broken-Hearts-lyrics
Drama Club,Melanie Martinez,2019,191396,https://genius.com/Melanie-Martinez-Drama-Club-lyrics
New Romantics,Taylor Swift,2014,337123,https://genius.com/Taylor-Swift-New-Romantics-lyrics
BEST ON EARTH,Russ,2019,329348,https://genius.com/Russ-BEST-ON-EARTH-lyrics
X,Lil Uzi Vert,2017,361463,https://genius.com/Lil-Uzi-Vert-X-lyrics
Accordion,Madvillain,2004,806110,https://genius.com/Madvillain-Accordion-lyrics
Ok Ok,Kanye West,2021,608596,https://genius.com/Kanye-West-Ok-Ok-lyrics
I CAN’T STOP ME English Version,TWICE,2020,441979,https://genius.com/TWICE-I-CAN’T-STOP-ME-English-Version-lyrics
D.R.E.A.M.,Miley Cyrus,2019,214571,https://genius.com/Miley-Cyrus-DREAM-lyrics
Childs Play,SZA,2014,558015,https://genius.com/SZA-Childs-Play-lyrics
Talk Dirty,Jason Derulo,2013,862785,https://genius.com/Jason-Derulo-Talk-Dirty-lyrics
I Dont Care,Ed Sheeran & Justin Bieber,2019,1535096,https://genius.com/Ed-Sheeran-Justin-Bieber-I-Dont-Care-lyrics
Wasted,Travis Scott,2015,228692,https://genius.com/Travis-Scott-Wasted-lyrics
Anziety,Logic,2017,344593,https://genius.com/Logic-Anziety-lyrics
Motion Picture Soundtrack,Radiohead,2000,244639,https://genius.com/Radiohead-Motion-Picture-Soundtrack-lyrics
Brooklyns Finest,JAY-Z,1996,375261,https://genius.com/JAYZ-Brooklyns-Finest-lyrics
Ridin,A$AP Rocky,2012,225852,https://genius.com/AAP-Rocky-Ridin-lyrics
Erase Me,Kid Cudi,2010,492154,https://genius.com/Kid-Cudi-Erase-Me-lyrics
Forward,Beyonc,2016,440691,https://genius.com/Beyonc-Forward-lyrics
The Wolf,SIAMS,2016,202736,https://genius.com/SIAMS-The-Wolf-lyrics
Killing in the Name,Rage Against the Machine,1992,2092606,https://genius.com/Rage-Against-the-Machine-Killing-in-the-Name-lyrics
Zombie,The Cranberries,1994,1754218,https://genius.com/The-Cranberries-Zombie-lyrics
Slum Lords Anthem,K CAMP,2014,250109,https://genius.com/K-CAMP-Slum-Lords-Anthem-lyrics
Brain Stew,Green Day,1995,251384,https://genius.com/Green-Day-Brain-Stew-lyrics
Let It Go,Keyshia Cole,2007,233067,https://genius.com/Keyshia-Cole-Let-It-Go-lyrics
Yea Yea,Young Thug,2016,247987,https://genius.com/Young-Thug-Yea-Yea-lyrics
Ill Kill You,Summer Walker,2019,573868,https://genius.com/Summer-Walker-Ill-Kill-You-lyrics
Donald Trump,Mac Miller,2011,517537,https://genius.com/Mac-Miller-Donald-Trump-lyrics
‎good guys,LANY,2020,508512,https://genius.com/LANY-‎good-guys-lyrics
Tony Tone,A$AP Rocky,2018,347263,https://genius.com/AAP-Rocky-Tony-Tone-lyrics
Walk with Me,Bella Thorne,2018,323255,https://genius.com/Bella-Thorne-Walk-with-Me-lyrics
23,Mike WiLL Made-It,2013,2203314,https://genius.com/Mike-WiLL-MadeIt-23-lyrics
​listen before i go,Billie Eilish,2019,1082353,https://genius.com/Billie-Eilish-​listen-before-i-go-lyrics
Delicate,Taylor Swift,2017,1107165,https://genius.com/Taylor-Swift-Delicate-lyrics
Mortal Man,Kendrick Lamar,2015,1954693,https://genius.com/Kendrick-Lamar-Mortal-Man-lyrics
Cry Baby,Demi Lovato,2017,214155,https://genius.com/Demi-Lovato-Cry-Baby-lyrics
Uptown Vibes,Meek Mill,2018,202821,https://genius.com/Meek-Mill-Uptown-Vibes-lyrics
You Get Me So High,The Neighbourhood,2017,219896,https://genius.com/The-Neighbourhood-You-Get-Me-So-High-lyrics
FDB,Young Dro,2013,552297,https://genius.com/Young-Dro-FDB-lyrics
Odee,A Boogie wit da Hoodie,2018,231569,https://genius.com/A-Boogie-wit-da-Hoodie-Odee-lyrics
Transylvania,"Tyler, The Creator",2011,302982,https://genius.com/Tyler-The-Creator-Transylvania-lyrics
Bands,Shoreline Mafia,2018,690980,https://genius.com/Shoreline-Mafia-Bands-lyrics
Holiday in Cambodia,Dead Kennedys,1980,202210,https://genius.com/Dead-Kennedys-Holiday-in-Cambodia-lyrics
Delilah,Florence + the Machine,2015,229917,https://genius.com/Florence-the-Machine-Delilah-lyrics
Breakfast in America,Supertramp,1979,214305,https://genius.com/Supertramp-Breakfast-in-America-lyrics
Somebodys Problem,Morgan Wallen,2020,190789,https://genius.com/Morgan-Wallen-Somebodys-Problem-lyrics
Peach,Kevin Abstract,2019,325850,https://genius.com/Kevin-Abstract-Peach-lyrics
Lookin Ass,Nicki Minaj,2014,1416352,https://genius.com/Nicki-Minaj-Lookin-Ass-lyrics
Belong to You Remix,Sabrina Claudio,2017,234431,https://genius.com/Sabrina-Claudio-Belong-to-You-Remix-lyrics
Give It 2 U,Robin Thicke,2013,294356,https://genius.com/Robin-Thicke-Give-It-2-U-lyrics
Numb Little Bug,Em Beihold,2022,190051,https://genius.com/Em-Beihold-Numb-Little-Bug-lyrics
My Dads Gone Crazy,Eminem,2002,416634,https://genius.com/Eminem-My-Dads-Gone-Crazy-lyrics
I Will Follow You into the Dark,Death Cab for Cutie,2006,346808,https://genius.com/Death-Cab-for-Cutie-I-Will-Follow-You-into-the-Dark-lyrics
Emotionally Scarred,Lil Baby,2020,751340,https://genius.com/Lil-Baby-Emotionally-Scarred-lyrics
Lose You,Drake,2017,864875,https://genius.com/Drake-Lose-You-lyrics
Pour One,YoungBoy Never Broke Again,2017,279271,https://genius.com/YoungBoy-Never-Broke-Again-Pour-One-lyrics
King for a Day,Pierce The Veil,2012,308987,https://genius.com/Pierce-The-Veil-King-for-a-Day-lyrics
The Way You Make Me Feel,Michael Jackson,1987,240201,https://genius.com/Michael-Jackson-The-Way-You-Make-Me-Feel-lyrics
Flashlight,Jessie J,2015,411915,https://genius.com/Jessie-J-Flashlight-lyrics
Lemon Pepper Freestyle,Drake,2021,810319,https://genius.com/Drake-Lemon-Pepper-Freestyle-lyrics
Incredible,Future,2017,271251,https://genius.com/Future-Incredible-lyrics
Stay,Mac Miller,2016,340007,https://genius.com/Mac-Miller-Stay-lyrics
Who Shot Ya?,The Notorious B.I.G.,1994,974436,https://genius.com/The-Notorious-BIG-Who-Shot-Ya-lyrics
Gold Roses,Rick Ross,2019,525003,https://genius.com/Rick-Ross-Gold-Roses-lyrics
Holy Key,DJ Khaled,2016,619646,https://genius.com/DJ-Khaled-Holy-Key-lyrics
Boombastic,Shaggy,1995,207887,https://genius.com/Shaggy-Boombastic-lyrics
WAP Clean,Cardi B,2020,487054,https://genius.com/Cardi-B-WAP-Clean-lyrics
To the Bone,Pamungkas,2019,224055,https://genius.com/Pamungkas-To-the-Bone-lyrics
Honeymoon,Lana Del Rey,2015,301483,https://genius.com/Lana-Del-Rey-Honeymoon-lyrics
Time After Time,Cyndi Lauper,1984,361239,https://genius.com/Cyndi-Lauper-Time-After-Time-lyrics
Disorder,Joy Division,1979,320537,https://genius.com/Joy-Division-Disorder-lyrics
​money machine,100 gecs,2019,356273,https://genius.com/100-gecs-​money-machine-lyrics
10000 Degrees,$UICIDEBOY$,2018,270253,https://genius.com/UICIDEBOY-10000-Degrees-lyrics
Starboy,The Weeknd,2016,6784046,https://genius.com/The-Weeknd-Starboy-lyrics
Bang Bang,"Jessie J, Ariana Grande & Nicki Minaj",2014,1324498,https://genius.com/Jessie-J-Ariana-Grande-Nicki-Minaj-Bang-Bang-lyrics
Six,SIX Cast,2018,422501,https://genius.com/SIX-Cast-Six-lyrics
1st of tha Month,Bone Thugs-N-Harmony,1995,266526,https://genius.com/Bone-ThugsNHarmony-1st-of-tha-Month-lyrics
The Night We Met Remix,Lord Huron,2018,470434,https://genius.com/Lord-Huron-The-Night-We-Met-Remix-lyrics
Beggin,Madcon,2007,315722,https://genius.com/Madcon-Beggin-lyrics
BTS - 상남자 Boy In Luv English Translation,Genius English Translations,2014,356427,https://genius.com/Genius-English-Translations-BTS-상남자-Boy-In-Luv-English-Translation-lyrics
Telephone Calls,A$AP Mob,2016,730658,https://genius.com/AAP-Mob-Telephone-Calls-lyrics
Blue Jeans,Lana Del Rey,2012,678913,https://genius.com/Lana-Del-Rey-Blue-Jeans-lyrics
Magic,Coldplay,2014,312963,https://genius.com/Coldplay-Magic-lyrics
Audi.,Smokepurpp,2017,607441,https://genius.com/Smokepurpp-Audi-lyrics
Gimme the Loot,The Notorious B.I.G.,1994,796847,https://genius.com/The-Notorious-BIG-Gimme-the-Loot-lyrics
Daylight,Aesop Rock,2001,367196,https://genius.com/Aesop-Rock-Daylight-lyrics
She Used to Be Mine,Jessie Mueller,2016,229570,https://genius.com/Jessie-Mueller-She-Used-to-Be-Mine-lyrics
No Church in the Wild,JAY-Z & Kanye West,2011,3244876,https://genius.com/JAYZ-Kanye-West-No-Church-in-the-Wild-lyrics
BLACK BALLOONS | 13LACK 13ALLOONZ,Denzel Curry,2018,332991,https://genius.com/Denzel-Curry-BLACK-BALLOONS-13LACK-13ALLOONZ-lyrics
Requiem,"Laura Dreyfuss, Michael Park & Jennifer Laura Thompson",2017,397994,https://genius.com/Laura-Dreyfuss-Michael-Park-Jennifer-Laura-Thompson-Requiem-lyrics
Party in the U.S.A.,Miley Cyrus,2009,471193,https://genius.com/Miley-Cyrus-Party-in-the-USA-lyrics
Breathe,Lauv,2016,320180,https://genius.com/Lauv-Breathe-lyrics
Like Real People Do,Hozier,2014,347391,https://genius.com/Hozier-Like-Real-People-Do-lyrics
A Different Way,DJ Snake,2017,287384,https://genius.com/DJ-Snake-A-Different-Way-lyrics
Call It What You Want,Taylor Swift,2017,1106570,https://genius.com/Taylor-Swift-Call-It-What-You-Want-lyrics
Window Pain Outro,J. Cole,2018,580159,https://genius.com/J-Cole-Window-Pain-Outro-lyrics
My Way Remix,Fetty Wap,2015,2480682,https://genius.com/Fetty-Wap-My-Way-Remix-lyrics
Shotgun,George Ezra,2018,467322,https://genius.com/George-Ezra-Shotgun-lyrics
Confessions of a Dangerous Mind,Logic,2019,523415,https://genius.com/Logic-Confessions-of-a-Dangerous-Mind-lyrics
Pyramids,Frank Ocean,2012,2255934,https://genius.com/Frank-Ocean-Pyramids-lyrics
Million Dollar Man,Lana Del Rey,2012,233923,https://genius.com/Lana-Del-Rey-Million-Dollar-Man-lyrics
TKO Black Friday Remix,Justin Timberlake,2013,398105,https://genius.com/Justin-Timberlake-TKO-Black-Friday-Remix-lyrics
BUSY / SIRENS,Saba,2018,190290,https://genius.com/Saba-BUSY-SIRENS-lyrics
Losses,Drake,2020,382052,https://genius.com/Drake-Losses-lyrics
Act Up,City Girls,2018,1229811,https://genius.com/City-Girls-Act-Up-lyrics
Thats Life,Frank Sinatra,1966,483954,https://genius.com/Frank-Sinatra-Thats-Life-lyrics
Back to Sleep,Chris Brown,2015,377307,https://genius.com/Chris-Brown-Back-to-Sleep-lyrics
Cornelia Street,Taylor Swift,2019,710018,https://genius.com/Taylor-Swift-Cornelia-Street-lyrics
Gucci Gang Remix,Joyner Lucas,2017,778553,https://genius.com/Joyner-Lucas-Gucci-Gang-Remix-lyrics
Birthday Suit,The Weeknd,2009,191367,https://genius.com/The-Weeknd-Birthday-Suit-lyrics
Give Yourself a Try,The 1975,2018,489034,https://genius.com/The-1975-Give-Yourself-a-Try-lyrics
Bam Bam,Camila Cabello,2022,222522,https://genius.com/Camila-Cabello-Bam-Bam-lyrics
Leave You Alone,Jeezy,2011,261827,https://genius.com/Jeezy-Leave-You-Alone-lyrics
Yeh Jo Halka Halka,Nusrat Fateh Ali Khan,2012,211216,https://genius.com/Nusrat-Fateh-Ali-Khan-Yeh-Jo-Halka-Halka-lyrics
Last Resort,Papa Roach,2000,321018,https://genius.com/Papa-Roach-Last-Resort-lyrics
Red Dot Music,Mac Miller,2013,455613,https://genius.com/Mac-Miller-Red-Dot-Music-lyrics
Bigmouth Strikes Again,The Smiths,1986,254009,https://genius.com/The-Smiths-Bigmouth-Strikes-Again-lyrics
A Christmas Fucking Miracle,Run The Jewels,2013,209416,https://genius.com/Run-The-Jewels-A-Christmas-Fucking-Miracle-lyrics
Dangerous,Meek Mill,2018,697015,https://genius.com/Meek-Mill-Dangerous-lyrics
Cant Believe It,T-Pain,2008,228934,https://genius.com/TPain-Cant-Believe-It-lyrics
Should I Stay or Should I Go,The Clash,1982,613963,https://genius.com/The-Clash-Should-I-Stay-or-Should-I-Go-lyrics
For Real,Lil Uzi Vert,2017,276510,https://genius.com/Lil-Uzi-Vert-For-Real-lyrics
Wake Me Up,Avicii,2013,847900,https://genius.com/Avicii-Wake-Me-Up-lyrics
Acura Integurl,Frank Ocean,2011,384322,https://genius.com/Frank-Ocean-Acura-Integurl-lyrics
Rock,Plies,2017,271979,https://genius.com/Plies-Rock-lyrics
Myself,Layton Greene,2018,316769,https://genius.com/Layton-Greene-Myself-lyrics
Take Yo Man,City Girls,2018,490445,https://genius.com/City-Girls-Take-Yo-Man-lyrics
Closed on Sunday,Kanye West,2019,905746,https://genius.com/Kanye-West-Closed-on-Sunday-lyrics
Reckless Love Spontaneous Live,Bethel Music,2018,502754,https://genius.com/Bethel-Music-Reckless-Love-Spontaneous-Live-lyrics
Strawberry Bubblegum,Justin Timberlake,2013,268983,https://genius.com/Justin-Timberlake-Strawberry-Bubblegum-lyrics
J Balvin  Bad Bunny - LA CANCIÓN English Translation,Genius English Translations,2019,306293,https://genius.com/Genius-English-Translations-J-Balvin-Bad-Bunny-LA-CANCIÓN-English-Translation-lyrics
That Power,Childish Gambino,2011,517217,https://genius.com/Childish-Gambino-That-Power-lyrics
Skys The Limit,The Notorious B.I.G.,1997,591613,https://genius.com/The-Notorious-BIG-Skys-The-Limit-lyrics
Hello?,Clairo,2018,195843,https://genius.com/Clairo-Hello-lyrics
Hallelujah,Pentatonix,2016,253177,https://genius.com/Pentatonix-Hallelujah-lyrics
Guild,Earl Sweatshirt,2013,293779,https://genius.com/Earl-Sweatshirt-Guild-lyrics
Birds,Imagine Dragons,2018,191825,https://genius.com/Imagine-Dragons-Birds-lyrics
​white tee,Lil Peep,2016,413763,https://genius.com/Lil-Peep-​white-tee-lyrics
You Found Me,The Fray,2008,265239,https://genius.com/The-Fray-You-Found-Me-lyrics
Imagine That,Kevin Gates,2017,327186,https://genius.com/Kevin-Gates-Imagine-That-lyrics
Playing Games Extended Version,Summer Walker & Bryson Tiller,2019,462427,https://genius.com/Summer-Walker-Bryson-Tiller-Playing-Games-Extended-Version-lyrics
Power Circle,Rick Ross,2012,498847,https://genius.com/Rick-Ross-Power-Circle-lyrics
Keanu Reeves,Logic,2019,672352,https://genius.com/Logic-Keanu-Reeves-lyrics
IGORS THEME,"Tyler, The Creator",2019,652124,https://genius.com/Tyler-The-Creator-IGORS-THEME-lyrics
Been A Minute Interlude,YFN Lucci,2015,191474,https://genius.com/YFN-Lucci-Been-A-Minute-Interlude-lyrics
Sunflower,Rex Orange County,2017,1467260,https://genius.com/Rex-Orange-County-Sunflower-lyrics
​spy?,WHOKILLEDXIX,2020,195373,https://genius.com/WHOKILLEDXIX-​spy-lyrics
Party,Beyonc,2011,281332,https://genius.com/Beyonc-Party-lyrics
Me Myself  I,"Me, Myself & I Lyrics - G-Eazy & Bebe Rexha",2015,2574481,https://genius.com/Me-Myself-I-Lyrics-GEazy-Bebe-Rexha-Me-Myself-I-lyrics
Stop Breathing,Playboi Carti,2020,398034,https://genius.com/Playboi-Carti-Stop-Breathing-lyrics
Roast Yourself Harder,Gabbie Hanna,2018,273739,https://genius.com/Gabbie-Hanna-Roast-Yourself-Harder-lyrics
Shut Up,Stormzy,2015,1523527,https://genius.com/Stormzy-Shut-Up-lyrics
Hardest to Love,The Weeknd,2020,699475,https://genius.com/The-Weeknd-Hardest-to-Love-lyrics
Do You Feel It?,Do You Feel It? Lyrics - Chaos Chaos,2014,319956,https://genius.com/Do-You-Feel-It-Lyrics-Chaos-Chaos-Do-You-Feel-It-lyrics
Bonfire Heart,James Blunt,2013,194016,https://genius.com/James-Blunt-Bonfire-Heart-lyrics
Circle of Life,Carmen Twillie & Lebo M,1994,1050049,https://genius.com/Carmen-Twillie-Lebo-M-Circle-of-Life-lyrics
Boyfriend,Justin Bieber,2012,448586,https://genius.com/Justin-Bieber-Boyfriend-lyrics
Low Key,$UICIDEBOY$,2015,473435,https://genius.com/UICIDEBOY-Low-Key-lyrics
Feds Watching,2 Chainz,2013,579846,https://genius.com/2-Chainz-Feds-Watching-lyrics
​ghost boy,Lil Peep,2015,276194,https://genius.com/Lil-Peep-​ghost-boy-lyrics
Ex Bitch,XXXTENTACION,2019,540065,https://genius.com/XXXTENTACION-Ex-Bitch-lyrics
RUNITUP,"Tyler, The Creator",2021,214383,https://genius.com/Tyler-The-Creator-RUNITUP-lyrics
SLR 2,Lupe Fiasco,2013,305227,https://genius.com/Lupe-Fiasco-SLR-2-lyrics
​bad idea,Ariana Grande,2019,761216,https://genius.com/Ariana-Grande-​bad-idea-lyrics
Post to Be,Omarion,2014,1350966,https://genius.com/Omarion-Post-to-Be-lyrics
Fade,Fade Lyrics - Kanye West,2015,1129742,https://genius.com/Fade-Lyrics-Kanye-West-Fade-lyrics
Freeee Ghost Town Pt. 2,KIDS SEE GHOSTS,2018,378540,https://genius.com/KIDS-SEE-GHOSTS-Freeee-Ghost-Town-Pt-2-lyrics
Long Kiss Goodnight,The Notorious B.I.G.,1997,330285,https://genius.com/The-Notorious-BIG-Long-Kiss-Goodnight-lyrics
7 Years,Lukas Graham,2015,3879413,https://genius.com/Lukas-Graham-7-Years-lyrics
Kick Push,Lupe Fiasco,2006,214691,https://genius.com/Lupe-Fiasco-Kick-Push-lyrics
Thats How You Feel,Drake,2018,704429,https://genius.com/Drake-Thats-How-You-Feel-lyrics
Never Change,JAY-Z,2001,260043,https://genius.com/JAYZ-Never-Change-lyrics
Only You,Cheat Codes & Little Mix,2018,232364,https://genius.com/Cheat-Codes-Little-Mix-Only-You-lyrics
Jet Fuel,Mac Miller,2018,343580,https://genius.com/Mac-Miller-Jet-Fuel-lyrics
BELIEVE IT,PARTYNEXTDOOR & Rihanna,2020,342230,https://genius.com/PARTYNEXTDOOR-Rihanna-BELIEVE-IT-lyrics
Lolly,Maejor,2013,488535,https://genius.com/Maejor-Lolly-lyrics
P.I.M.P.,50 Cent,2003,763833,https://genius.com/50-Cent-PIMP-lyrics
Daylily,Movements,2017,197593,https://genius.com/Movements-Daylily-lyrics
Sign of the Times,Harry Styles,2017,3860825,https://genius.com/Harry-Styles-Sign-of-the-Times-lyrics
Bugatti,Ace Hood,2013,1370133,https://genius.com/Ace-Hood-Bugatti-lyrics
You Were Beautiful English Ver.,DAY6,2018,330936,https://genius.com/DAY6-You-Were-Beautiful-English-Ver-lyrics
Mirrors,Justin Timberlake,2013,3404043,https://genius.com/Justin-Timberlake-Mirrors-lyrics
Thunderstruck,AC/DC,1990,304487,https://genius.com/ACDC-Thunderstruck-lyrics
Energy,Drake,2015,2781485,https://genius.com/Drake-Energy-lyrics
Love Me Tender,Elvis Presley,1956,198495,https://genius.com/Elvis-Presley-Love-Me-Tender-lyrics
​start//end,EDEN,2017,204129,https://genius.com/EDEN-​startend-lyrics
Coffee,beabadoobee,2017,278484,https://genius.com/beabadoobee-Coffee-lyrics
Can You Feel the Love Tonight,Walt Disney Records,1994,548703,https://genius.com/Walt-Disney-Records-Can-You-Feel-the-Love-Tonight-lyrics
Cheryl,Yung Gravy,2017,397636,https://genius.com/Yung-Gravy-Cheryl-lyrics
​looking for a star CANT GET YOU OUT OF MY HEAD,XXXTENTACION,2017,298307,https://genius.com/XXXTENTACION-​looking-for-a-star-CANT-GET-YOU-OUT-OF-MY-HEAD-lyrics
The Next Right Thing,Kristen Bell,2019,258860,https://genius.com/Kristen-Bell-The-Next-Right-Thing-lyrics
Fire Squad,J. Cole,2014,1724092,https://genius.com/J-Cole-Fire-Squad-lyrics
Silver Springs,Fleetwood Mac,1976,446509,https://genius.com/Fleetwood-Mac-Silver-Springs-lyrics
Marvins Room Cant Do Better,JoJo,2011,278615,https://genius.com/JoJo-Marvins-Room-Cant-Do-Better-lyrics
Candles,Juice WRLD,2018,339950,https://genius.com/Juice-WRLD-Candles-lyrics
Mercy,Kanye West,2012,6951903,https://genius.com/Kanye-West-Mercy-lyrics
​absolute in doubt,Lil Peep,2016,463249,https://genius.com/Lil-Peep-​absolute-in-doubt-lyrics
Clean,Taylor Swift,2014,465724,https://genius.com/Taylor-Swift-Clean-lyrics
Take It Back,Logic,2017,401074,https://genius.com/Logic-Take-It-Back-lyrics
Christopher Walking,Pop Smoke,2020,216472,https://genius.com/Pop-Smoke-Christopher-Walking-lyrics
Sorry Blame It On Me,Akon,2007,309169,https://genius.com/Akon-Sorry-Blame-It-On-Me-lyrics
O.P.P.,Naughty By Nature,1991,353720,https://genius.com/Naughty-By-Nature-OPP-lyrics
Lie to Me,5 Seconds of Summer,2018,441416,https://genius.com/5-Seconds-of-Summer-Lie-to-Me-lyrics
Living Single,Big Sean,2016,452716,https://genius.com/Big-Sean-Living-Single-lyrics
Killamonjaro,KILLY,2017,426151,https://genius.com/KILLY-Killamonjaro-lyrics
Done for Me,Charlie Puth,2018,376110,https://genius.com/Charlie-Puth-Done-for-Me-lyrics
Paper Rings,Taylor Swift,2019,589676,https://genius.com/Taylor-Swift-Paper-Rings-lyrics
FREEDDAWG,YoungBoy Never Broke Again,2019,310412,https://genius.com/YoungBoy-Never-Broke-Again-FREEDDAWG-lyrics
Who Run It,G Herbo,2018,318069,https://genius.com/G-Herbo-Who-Run-It-lyrics
Pretty Boy,Joji,2020,328855,https://genius.com/Joji-Pretty-Boy-lyrics
Love Sosa,Chief Keef,2012,4541062,https://genius.com/Chief-Keef-Love-Sosa-lyrics
Sound of da Police,KRS-One,1993,342963,https://genius.com/KRSOne-Sound-of-da-Police-lyrics
Two Trucks,Lemon Demon,2013,190500,https://genius.com/Lemon-Demon-Two-Trucks-lyrics
Faucet Failure,Ski Mask the Slump God,2018,954351,https://genius.com/Ski-Mask-the-Slump-God-Faucet-Failure-lyrics
How Many Drinks?,Miguel,2013,245576,https://genius.com/Miguel-How-Many-Drinks-lyrics
Summer of 69,Bryan Adams,1985,337321,https://genius.com/Bryan-Adams-Summer-of-69-lyrics
OTW,Khalid,2018,595630,https://genius.com/Khalid-OTW-lyrics
Ten Duel Commandments,"Ten Duel Commandments Lyrics - Anthony Ramos, Lin-Manuel Miranda, Jon Rua, Leslie Odom, Jr. & Original Broadway Cast of ""Hamilton""",2015,957573,https://genius.com/Ten-Duel-Commandments-Lyrics-Anthony-Ramos-LinManuel-Miranda-Jon-Rua-Leslie-Odom-Jr-Original-Broadway-Cast-of-Hamilton-Ten-Duel-Commandments-lyrics
Fools Gold,One Direction,2014,277771,https://genius.com/One-Direction-Fools-Gold-lyrics
Jolene,Dolly Parton,1973,1044193,https://genius.com/Dolly-Parton-Jolene-lyrics
West Coast,G-Eazy & Blueface,2019,227875,https://genius.com/GEazy-Blueface-West-Coast-lyrics
Desires,Drake,2020,615300,https://genius.com/Drake-Desires-lyrics
2009,Mac Miller,2018,891794,https://genius.com/Mac-Miller-2009-lyrics
Call You Mine,The Chainsmokers & Bebe Rexha,2019,199373,https://genius.com/The-Chainsmokers-Bebe-Rexha-Call-You-Mine-lyrics
New Person Same Old Mistakes,Tame Impala,2015,873326,https://genius.com/Tame-Impala-New-Person-Same-Old-Mistakes-lyrics
Someone Like You,Mac Miller,2013,317030,https://genius.com/Mac-Miller-Someone-Like-You-lyrics
Paris in the Rain,Lauv,2017,438461,https://genius.com/Lauv-Paris-in-the-Rain-lyrics
At the Door,The Strokes,2020,215876,https://genius.com/The-Strokes-At-the-Door-lyrics
My Happiness Took Away For Life,YoungBoy Never Broke Again,2018,353291,https://genius.com/YoungBoy-Never-Broke-Again-My-Happiness-Took-Away-For-Life-lyrics
Drop the World,Lil Wayne,2009,713258,https://genius.com/Lil-Wayne-Drop-the-World-lyrics
Lifes a Bitch,Nas,1994,1225050,https://genius.com/Nas-Lifes-a-Bitch-lyrics
Pills,Joji,2017,197293,https://genius.com/Joji-Pills-lyrics
Dragostea Din Tei English Version,O-Zone,2004,219686,https://genius.com/OZone-Dragostea-Din-Tei-English-Version-lyrics
​​p u n c h i n ’ . t h e . c l o c k,J. Cole,2021,335153,https://genius.com/J-Cole-​​p-u-n-c-h-i-n-’-t-h-e-c-l-o-c-k-lyrics
​untitled 05 | 09.21.2014.,Kendrick Lamar,2016,498797,https://genius.com/Kendrick-Lamar-​untitled-05-09212014-lyrics
Stan,Eminem,2000,3298983,https://genius.com/Eminem-Stan-lyrics
​ball w/o you,21 Savage,2018,918262,https://genius.com/21-Savage-​ball-wo-you-lyrics
Barely Legal,The Strokes,2001,223380,https://genius.com/The-Strokes-Barely-Legal-lyrics
Reckoner,Radiohead,2007,256794,https://genius.com/Radiohead-Reckoner-lyrics
Deep Wounds,Polo G,2019,218132,https://genius.com/Polo-G-Deep-Wounds-lyrics
9 5 . s o u t h,J. Cole,2021,719843,https://genius.com/J-Cole-9-5-s-o-u-t-h-lyrics
What Lovers Do,Maroon 5,2017,1620915,https://genius.com/Maroon-5-What-Lovers-Do-lyrics
Run Up,Major Lazer,2017,394502,https://genius.com/Major-Lazer-Run-Up-lyrics
Famous Hoes,NLE Choppa,2019,222726,https://genius.com/NLE-Choppa-Famous-Hoes-lyrics
The Remorse,Drake,2021,248685,https://genius.com/Drake-The-Remorse-lyrics
Someday,The Strokes,2002,378768,https://genius.com/The-Strokes-Someday-lyrics
Daddy Lessons,Beyonc,2016,568785,https://genius.com/Beyonc-Daddy-Lessons-lyrics
We’re All In This Together,High School Musical Cast,2006,557612,https://genius.com/High-School-Musical-Cast-We’re-All-In-This-Together-lyrics
ME,Taylor Swift,2019,1417794,https://genius.com/Taylor-Swift-ME-lyrics
Break Your Heart Right Back,Ariana Grande,2014,199395,https://genius.com/Ariana-Grande-Break-Your-Heart-Right-Back-lyrics
Purple Lamborghini,Skrillex & Rick Ross,2016,692722,https://genius.com/Skrillex-Rick-Ross-Purple-Lamborghini-lyrics
Big Tymin,Nef The Pharaoh,2015,193869,https://genius.com/Nef-The-Pharaoh-Big-Tymin-lyrics
PCH,Jaden,2014,362574,https://genius.com/Jaden-PCH-lyrics
Happier,Ed Sheeran,2017,1971704,https://genius.com/Ed-Sheeran-Happier-lyrics
Easier,5 Seconds of Summer,2019,313494,https://genius.com/5-Seconds-of-Summer-Easier-lyrics
Duality,Slipknot,2004,334076,https://genius.com/Slipknot-Duality-lyrics
Inside the Mattress,Future,2016,269426,https://genius.com/Future-Inside-the-Mattress-lyrics
Jealous,Fredo Santana,2013,317077,https://genius.com/Fredo-Santana-Jealous-lyrics
Stay,Post Malone,2018,1405393,https://genius.com/Post-Malone-Stay-lyrics
Slow Jamz,"Twista, Kanye West & Jamie Foxx",2003,555707,https://genius.com/Twista-Kanye-West-Jamie-Foxx-Slow-Jamz-lyrics
BROWN SKIN GIRL,"Blue Ivy, SAINt JHN, Beyonc & Wizkid",2019,891110,https://genius.com/Blue-Ivy-SAINt-JHN-Beyonc-Wizkid-BROWN-SKIN-GIRL-lyrics
Lost Stars,Adam Levine,2014,485623,https://genius.com/Adam-Levine-Lost-Stars-lyrics
Psycho Killer,Talking Heads,1977,512920,https://genius.com/Talking-Heads-Psycho-Killer-lyrics
The Ballad of Me and My Brain,The 1975,2016,234339,https://genius.com/The-1975-The-Ballad-of-Me-and-My-Brain-lyrics
Summertime Sadness,Lana Del Rey,2012,1277584,https://genius.com/Lana-Del-Rey-Summertime-Sadness-lyrics
2SEATER,"Tyler, The Creator",2015,277356,https://genius.com/Tyler-The-Creator-2SEATER-lyrics
Hotline Bling,Drake,2015,6877777,https://genius.com/Drake-Hotline-Bling-lyrics
929,Halsey,2020,264519,https://genius.com/Halsey-929-lyrics
Everything I Am,Kanye West,2007,552969,https://genius.com/Kanye-West-Everything-I-Am-lyrics
You Can Call Me Al,Paul Simon,1986,223587,https://genius.com/Paul-Simon-You-Can-Call-Me-Al-lyrics
Losing Interest,Timmies,2017,190689,https://genius.com/Timmies-Losing-Interest-lyrics
Ordinary People,John Legend,2004,283479,https://genius.com/John-Legend-Ordinary-People-lyrics
The Matrimony,Wale,2015,918742,https://genius.com/Wale-The-Matrimony-lyrics
Used To,Drake,2015,987598,https://genius.com/Drake-Used-To-lyrics
December 4th,JAY-Z,2003,283714,https://genius.com/JAYZ-December-4th-lyrics
​deja vu,Olivia Rodrigo,2021,2539113,https://genius.com/Olivia-Rodrigo-​deja-vu-lyrics
Nandemonaiya English Version,RADWIMPS,2017,371243,https://genius.com/RADWIMPS-Nandemonaiya-English-Version-lyrics
California Dreamin,The Mamas & The Papas,1965,347125,https://genius.com/The-Mamas-The-Papas-California-Dreamin-lyrics
Gangsta,ScHoolboy Q,2014,331314,https://genius.com/ScHoolboy-Q-Gangsta-lyrics
Black Widow,Iggy Azalea,2014,426368,https://genius.com/Iggy-Azalea-Black-Widow-lyrics
BTS - 땡 Ddaeng English Translation,Genius English Translations,2018,321560,https://genius.com/Genius-English-Translations-BTS-땡-Ddaeng-English-Translation-lyrics
Mr. Loverman,Ricky Montgomery,2016,285222,https://genius.com/Ricky-Montgomery-Mr-Loverman-lyrics
Get On Your Knees,Nicki Minaj,2014,414499,https://genius.com/Nicki-Minaj-Get-On-Your-Knees-lyrics
Death with Dignity,Sufjan Stevens,2015,332105,https://genius.com/Sufjan-Stevens-Death-with-Dignity-lyrics
Change,RM & Wale,2017,470659,https://genius.com/RM-Wale-Change-lyrics
House of Gold,twenty one pilots,2013,354186,https://genius.com/twenty-one-pilots-House-of-Gold-lyrics
God Is Fair Sexy Nasty,Mac Miller,2016,391861,https://genius.com/Mac-Miller-God-Is-Fair-Sexy-Nasty-lyrics
The Adventures of Moon Man  Slim Shady,Kid Cudi & Eminem,2020,730781,https://genius.com/Kid-Cudi-Eminem-The-Adventures-of-Moon-Man-Slim-Shady-lyrics
2013 BET Hip Hop Awards - TDE Cypher,BET,2013,645409,https://genius.com/BET-2013-BET-Hip-Hop-Awards-TDE-Cypher-lyrics
Saline Solution,Wilbur Soot,2020,304564,https://genius.com/Wilbur-Soot-Saline-Solution-lyrics
When You Die,MGMT,2017,264610,https://genius.com/MGMT-When-You-Die-lyrics
Mood Swings,Pop Smoke,2020,1088908,https://genius.com/Pop-Smoke-Mood-Swings-lyrics
My Shiny Teeth and Me,Chris Kirkpatrick,2002,283467,https://genius.com/Chris-Kirkpatrick-My-Shiny-Teeth-and-Me-lyrics
Lonely,Yung Bans,2017,222057,https://genius.com/Yung-Bans-Lonely-lyrics
Perry Aye,A$AP Mob,2017,270169,https://genius.com/AAP-Mob-Perry-Aye-lyrics
Reagan,Killer Mike,2012,277416,https://genius.com/Killer-Mike-Reagan-lyrics
Hold Up,Beyonc,2016,1850869,https://genius.com/Beyonc-Hold-Up-lyrics
Chocolate,The 1975,2013,806763,https://genius.com/The-1975-Chocolate-lyrics
Bake Sale,Bake Sale Lyrics - Wiz Khalifa,2016,307269,https://genius.com/Bake-Sale-Lyrics-Wiz-Khalifa-Bake-Sale-lyrics
Im a Little Teapot,Children Songs,1939,344971,https://genius.com/Children-Songs-Im-a-Little-Teapot-lyrics
Human,Rag'n'Bone Man,2016,900836,https://genius.com/RagnBone-Man-Human-lyrics
Same Song  Dance,Eminem,2009,268061,https://genius.com/Eminem-Same-Song-Dance-lyrics
​way back,Travis Scott,2016,813789,https://genius.com/Travis-Scott-​way-back-lyrics
Yes Im Changing,Tame Impala,2015,562069,https://genius.com/Tame-Impala-Yes-Im-Changing-lyrics
Beez In The Trap,Nicki Minaj,2012,1926870,https://genius.com/Nicki-Minaj-Beez-In-The-Trap-lyrics
Sherane a.k.a Master Splinters Daughter,Kendrick Lamar,2012,1387277,https://genius.com/Kendrick-Lamar-Sherane-aka-Master-Splinters-Daughter-lyrics
You Know Im No Good,Amy Winehouse,2007,613828,https://genius.com/Amy-Winehouse-You-Know-Im-No-Good-lyrics
Black Panther,Kendrick Lamar,2018,337229,https://genius.com/Kendrick-Lamar-Black-Panther-lyrics
Dark Times,The Weeknd,2015,822301,https://genius.com/The-Weeknd-Dark-Times-lyrics
Nutshell,Alice in Chains,1994,371946,https://genius.com/Alice-in-Chains-Nutshell-lyrics
Aint No Fun If the Homies Cant Have None,Snoop Dogg,1993,423108,https://genius.com/Snoop-Dogg-Aint-No-Fun-If-the-Homies-Cant-Have-None-lyrics
It’s You,Ali Gatie,2019,633018,https://genius.com/Ali-Gatie-It’s-You-lyrics
No Heart,YNW Melly,2019,206545,https://genius.com/YNW-Melly-No-Heart-lyrics
Get Lit,A$AP Rocky,2011,270656,https://genius.com/AAP-Rocky-Get-Lit-lyrics
So Far Away,Martin Garrix & David Guetta,2017,842293,https://genius.com/Martin-Garrix-David-Guetta-So-Far-Away-lyrics
You Need Me I Dont Need You,Ed Sheeran,2011,364516,https://genius.com/Ed-Sheeran-You-Need-Me-I-Dont-Need-You-lyrics
Cum on Everybody,Eminem,1999,226598,https://genius.com/Eminem-Cum-on-Everybody-lyrics
Mr. Blue Sky,Electric Light Orchestra,1977,422441,https://genius.com/Electric-Light-Orchestra-Mr-Blue-Sky-lyrics
Multiply,A$AP Rocky,2014,962572,https://genius.com/AAP-Rocky-Multiply-lyrics
You Are Not Alone,Michael Jackson,1995,232955,https://genius.com/Michael-Jackson-You-Are-Not-Alone-lyrics
Yellow Hearts,Ant Saunders,2019,248391,https://genius.com/Ant-Saunders-Yellow-Hearts-lyrics
No Limit,Usher,2016,316598,https://genius.com/Usher-No-Limit-lyrics
Lost in the Moment,NF,2016,218118,https://genius.com/NF-Lost-in-the-Moment-lyrics
Smoke a Nigga,Juicy J,2013,257649,https://genius.com/Juicy-J-Smoke-a-Nigga-lyrics
Lil Dicky Freestyle on Sway in the Morning 2019,Sway in the Morning,2019,232072,https://genius.com/Sway-in-the-Morning-Lil-Dicky-Freestyle-on-Sway-in-the-Morning-2019-lyrics
Black Sheep,Metric,2010,218676,https://genius.com/Metric-Black-Sheep-lyrics
No Interruption,Hoodie Allen,2012,307525,https://genius.com/Hoodie-Allen-No-Interruption-lyrics
Murder She Wrote,Chaka Demus & Pliers,1992,291791,https://genius.com/Chaka-Demus-Pliers-Murder-She-Wrote-lyrics
Sincerely Me,"Mike Faist, Ben Platt & Will Roland",2017,628625,https://genius.com/Mike-Faist-Ben-Platt-Will-Roland-Sincerely-Me-lyrics
Skateboard P,MadeinTYO,2016,521869,https://genius.com/MadeinTYO-Skateboard-P-lyrics
Read All About It Pt. III,Emeli Sand,2012,271195,https://genius.com/Emeli-Sand-Read-All-About-It-Pt-III-lyrics
Make Me Cry,Noah Cyrus,2016,255173,https://genius.com/Noah-Cyrus-Make-Me-Cry-lyrics
We Made You,Eminem,2009,484561,https://genius.com/Eminem-We-Made-You-lyrics
Forever,Lil Tjay,2018,247988,https://genius.com/Lil-Tjay-Forever-lyrics
America,Mac Miller,2012,202573,https://genius.com/Mac-Miller-America-lyrics
Off the Wall,XXXTENTACION,2017,1276629,https://genius.com/XXXTENTACION-Off-the-Wall-lyrics
Yoshi City,Yung Lean,2014,332892,https://genius.com/Yung-Lean-Yoshi-City-lyrics
Rx Medicate,Theory,2017,227549,https://genius.com/Theory-Rx-Medicate-lyrics
London Roads,Lil Wayne,2015,191223,https://genius.com/Lil-Wayne-London-Roads-lyrics
If U Seek Amy,Britney Spears,2008,237214,https://genius.com/Britney-Spears-If-U-Seek-Amy-lyrics
​ghostin,Ariana Grande,2019,1346788,https://genius.com/Ariana-Grande-​ghostin-lyrics
Homage,Mild High Club,2016,289095,https://genius.com/Mild-High-Club-Homage-lyrics
I Thought About Killing You,Kanye West,2018,1263280,https://genius.com/Kanye-West-I-Thought-About-Killing-You-lyrics
100 Degrees,Rich Brian,2019,229795,https://genius.com/Rich-Brian-100-Degrees-lyrics
Billie Bossa Nova,Billie Eilish,2021,452258,https://genius.com/Billie-Eilish-Billie-Bossa-Nova-lyrics
Dead Girl Walking,Heathers the Musical Ensemble,2014,487433,https://genius.com/Heathers-the-Musical-Ensemble-Dead-Girl-Walking-lyrics
Who Let the Dogs Out?,Baha Men,2000,235044,https://genius.com/Baha-Men-Who-Let-the-Dogs-Out-lyrics
Why,Shawn Mendes,2018,223609,https://genius.com/Shawn-Mendes-Why-lyrics
I’m On One,DJ Khaled,2011,1320886,https://genius.com/DJ-Khaled-I’m-On-One-lyrics
Pretty When You Cry,Lana Del Rey,2014,301728,https://genius.com/Lana-Del-Rey-Pretty-When-You-Cry-lyrics
JUNKY,BROCKHAMPTON,2017,627825,https://genius.com/BROCKHAMPTON-JUNKY-lyrics
Mind of a Stoner,Machine Gun Kelly,2013,404128,https://genius.com/Machine-Gun-Kelly-Mind-of-a-Stoner-lyrics
Controlla Leak,Drake,2016,363752,https://genius.com/Drake-Controlla-Leak-lyrics
I No Longer Fear the Razor Guarding My Heel II,$UICIDEBOY$,2015,212333,https://genius.com/UICIDEBOY-I-No-Longer-Fear-the-Razor-Guarding-My-Heel-II-lyrics
Play For Keeps,L'A Capone,2013,693985,https://genius.com/LA-Capone-Play-For-Keeps-lyrics
Emotionless,Drake,2018,1508456,https://genius.com/Drake-Emotionless-lyrics
Sweet Caroline,Neil Diamond,1969,315348,https://genius.com/Neil-Diamond-Sweet-Caroline-lyrics
No Problem,Chance the Rapper,2016,2436075,https://genius.com/Chance-the-Rapper-No-Problem-lyrics
Girl on Fire Inferno Version,Alicia Keys,2012,309548,https://genius.com/Alicia-Keys-Girl-on-Fire-Inferno-Version-lyrics
The Sex Offender Shuffle,Scott Gairdner,2020,213945,https://genius.com/Scott-Gairdner-The-Sex-Offender-Shuffle-lyrics
Bad Bunny - Vete English Translation,Genius English Translations,2019,311532,https://genius.com/Genius-English-Translations-Bad-Bunny-Vete-English-Translation-lyrics
HEAVEN,Troye Sivan,2015,277502,https://genius.com/Troye-Sivan-HEAVEN-lyrics
No Games,Rick Ross,2013,198876,https://genius.com/Rick-Ross-No-Games-lyrics
I Do It,2 Chainz,2013,218379,https://genius.com/2-Chainz-I-Do-It-lyrics
Gurenge From Demon Slayer,AmaLee,2019,298365,https://genius.com/AmaLee-Gurenge-From-Demon-Slayer-lyrics
All Night,Chance the Rapper,2016,783370,https://genius.com/Chance-the-Rapper-All-Night-lyrics
Slippery,Migos,2017,2019164,https://genius.com/Migos-Slippery-lyrics
Another Day in Paradise,Quinn XCII,2015,196936,https://genius.com/Quinn-XCII-Another-Day-in-Paradise-lyrics
Modern Love,David Bowie,1983,205626,https://genius.com/David-Bowie-Modern-Love-lyrics
G to the A,Kodak Black,2017,224416,https://genius.com/Kodak-Black-G-to-the-A-lyrics
Every Girl,Young Money,2009,359294,https://genius.com/Young-Money-Every-Girl-lyrics
Bliss,Flatbush Zombies,2013,251942,https://genius.com/Flatbush-Zombies-Bliss-lyrics
Bad Decisions,Ariana Grande,2016,195111,https://genius.com/Ariana-Grande-Bad-Decisions-lyrics
Wrist,Logic,2016,280261,https://genius.com/Logic-Wrist-lyrics
Ew,Joji,2020,385063,https://genius.com/Joji-Ew-lyrics
The Chain,Fleetwood Mac,1977,694367,https://genius.com/Fleetwood-Mac-The-Chain-lyrics
JUST LIKE YOU,NF,2021,223816,https://genius.com/NF-JUST-LIKE-YOU-lyrics
Slick Talk,JID,2018,189317,https://genius.com/JID-Slick-Talk-lyrics
Therapy Session,NF,2016,406445,https://genius.com/NF-Therapy-Session-lyrics
Crazy  Genius,Panic! at the Disco,2016,220656,https://genius.com/Panic-at-the-Disco-Crazy-Genius-lyrics
The Cuppycake Song,Buddy Castle,1994,1615871,https://genius.com/Buddy-Castle-The-Cuppycake-Song-lyrics
Brown Sugar,The Rolling Stones,1971,551643,https://genius.com/The-Rolling-Stones-Brown-Sugar-lyrics
Family Dont Matter,Young Thug,2017,295957,https://genius.com/Young-Thug-Family-Dont-Matter-lyrics
Roman Holiday,Nicki Minaj,2012,362074,https://genius.com/Nicki-Minaj-Roman-Holiday-lyrics
I Dont Care,Ariana Grande,2016,210316,https://genius.com/Ariana-Grande-I-Dont-Care-lyrics
A Day in the Life,The Beatles,1967,691544,https://genius.com/The-Beatles-A-Day-in-the-Life-lyrics
Nobody,Chief Keef,2014,197981,https://genius.com/Chief-Keef-Nobody-lyrics
Boys Dont Cry,The Cure,1979,257407,https://genius.com/The-Cure-Boys-Dont-Cry-lyrics
Metropolis,Logic,2014,423461,https://genius.com/Logic-Metropolis-lyrics
Writer In the Dark,Lorde,2017,495495,https://genius.com/Lorde-Writer-In-the-Dark-lyrics
​​a p p l y i n g . p r e s s u r e,J. Cole,2021,464467,https://genius.com/J-Cole-​​a-p-p-l-y-i-n-g-p-r-e-s-s-u-r-e-lyrics
Its Not the Same Anymore,Rex Orange County,2019,395786,https://genius.com/Rex-Orange-County-Its-Not-the-Same-Anymore-lyrics
Dont Stop Me Now,Queen,1978,1177886,https://genius.com/Queen-Dont-Stop-Me-Now-lyrics
Put It On,Big L,1994,402862,https://genius.com/Big-L-Put-It-On-lyrics
Real Muthaphuckkin Gs,Eazy-E,1993,927240,https://genius.com/EazyE-Real-Muthaphuckkin-Gs-lyrics
Ashley,Big Sean,2013,491073,https://genius.com/Big-Sean-Ashley-lyrics
Runaway,Lil Peep,2018,313331,https://genius.com/Lil-Peep-Runaway-lyrics
I Won,Future,2014,1006935,https://genius.com/Future-I-Won-lyrics
Always Remember Us This Way,Lady Gaga,2018,935097,https://genius.com/Lady-Gaga-Always-Remember-Us-This-Way-lyrics
In My Feelings,Ann Marie,2016,225051,https://genius.com/Ann-Marie-In-My-Feelings-lyrics
The Blackest Day,The Blackest Day Lyrics - Lana Del Rey,2015,307797,https://genius.com/The-Blackest-Day-Lyrics-Lana-Del-Rey-The-Blackest-Day-lyrics
Im Too Sexy,Right Said Fred,1991,264666,https://genius.com/Right-Said-Fred-Im-Too-Sexy-lyrics
Before I Forget,Slipknot,2005,188351,https://genius.com/Slipknot-Before-I-Forget-lyrics
Semi-Automatic,twenty one pilots,2013,203958,https://genius.com/twenty-one-pilots-SemiAutomatic-lyrics
Of Mice and Men: Chapter 2,John Steinbeck,1937,484867,https://genius.com/John-Steinbeck-Of-Mice-and-Men-Chapter-2-lyrics
Wing$,Macklemore & Ryan Lewis,2011,1123974,https://genius.com/Macklemore-Ryan-Lewis-Wing-lyrics
Somebodys Watching Me,Rockwell,1984,227324,https://genius.com/Rockwell-Somebodys-Watching-Me-lyrics
Sometimes,Ariana Grande,2016,261089,https://genius.com/Ariana-Grande-Sometimes-lyrics
I.M.Y I Miss You,Kodak Black,2015,335089,https://genius.com/Kodak-Black-IMY-I-Miss-You-lyrics
Nothing New Taylors Version From the Vault,Taylor Swift,2021,482551,https://genius.com/Taylor-Swift-Nothing-New-Taylors-Version-From-the-Vault-lyrics
Song 2,Blur,1997,289635,https://genius.com/Blur-Song-2-lyrics
WHAT THE FUCK RIGHT NOW,"Tyler, The Creator",2016,404108,https://genius.com/Tyler-The-Creator-WHAT-THE-FUCK-RIGHT-NOW-lyrics
Orange Juice,EarlWolf,2010,561096,https://genius.com/EarlWolf-Orange-Juice-lyrics
DIEMONDS,$UICIDEBOY$,2015,385117,https://genius.com/UICIDEBOY-DIEMONDS-lyrics
St. Tropez,J. Cole,2014,412803,https://genius.com/J-Cole-St-Tropez-lyrics
In My Mind,Dynoro & Gigi D'Agostino,2017,239508,https://genius.com/Dynoro-Gigi-DAgostino-In-My-Mind-lyrics
Sundress,A$AP Rocky,2018,432985,https://genius.com/AAP-Rocky-Sundress-lyrics
Lets Go Crazy,Prince and the Revolution,1984,376107,https://genius.com/Prince-and-the-Revolution-Lets-Go-Crazy-lyrics
Wow.,Post Malone,2018,1497418,https://genius.com/Post-Malone-Wow-lyrics
Scott and Ramona,Lil Uzi Vert,2016,206420,https://genius.com/Lil-Uzi-Vert-Scott-and-Ramona-lyrics
Wind of Change,Scorpions,1990,320891,https://genius.com/Scorpions-Wind-of-Change-lyrics
THINGS  SUCH,PARTYNEXTDOOR,2015,431141,https://genius.com/PARTYNEXTDOOR-THINGS-SUCH-lyrics
Millions,KSI,2020,231582,https://genius.com/KSI-Millions-lyrics
Tyrone,Erykah Badu,1997,193721,https://genius.com/Erykah-Badu-Tyrone-lyrics
KANGA,6ix9ine,2018,226351,https://genius.com/6ix9ine-KANGA-lyrics
ZIPPER,BROCKHAMPTON,2017,570694,https://genius.com/BROCKHAMPTON-ZIPPER-lyrics
His  Hers,Internet Money,2021,237311,https://genius.com/Internet-Money-His-Hers-lyrics
Smack That,Akon,2006,563715,https://genius.com/Akon-Smack-That-lyrics
Nasty Nasty,Boosie Badazz,2019,275259,https://genius.com/Boosie-Badazz-Nasty-Nasty-lyrics
Walk,Comethazine,2018,563954,https://genius.com/Comethazine-Walk-lyrics
Rodeo,Lil Nas X & Cardi B,2019,498270,https://genius.com/Lil-Nas-X-Cardi-B-Rodeo-lyrics
I Aint Hiding,YoungBoy Never Broke Again,2016,206989,https://genius.com/YoungBoy-Never-Broke-Again-I-Aint-Hiding-lyrics
Strawberries  Cigarettes,Troye Sivan,2018,344673,https://genius.com/Troye-Sivan-Strawberries-Cigarettes-lyrics
WITHOUT YOU,The Kid LAROI,2020,668142,https://genius.com/The-Kid-LAROI-WITHOUT-YOU-lyrics
Heroes,David Bowie,1977,759401,https://genius.com/David-Bowie-Heroes-lyrics
​ivy,Taylor Swift,2020,901557,https://genius.com/Taylor-Swift-​ivy-lyrics
Irreplaceable,Beyonc,2006,540086,https://genius.com/Beyonc-Irreplaceable-lyrics
Lodi Dodi,Snoop Dogg,1993,189287,https://genius.com/Snoop-Dogg-Lodi-Dodi-lyrics
Happy Together,The Turtles,1967,188686,https://genius.com/The-Turtles-Happy-Together-lyrics
You Gon Learn,Eminem,2020,842986,https://genius.com/Eminem-You-Gon-Learn-lyrics
The One,"Kanye West, Big Sean, 2 Chainz & Marsha Ambrosius",2012,414616,https://genius.com/Kanye-West-Big-Sean-2-Chainz-Marsha-Ambrosius-The-One-lyrics
Flava in Ya Ear Remix,Craig Mack,1994,395637,https://genius.com/Craig-Mack-Flava-in-Ya-Ear-Remix-lyrics
13,LANY,2017,732313,https://genius.com/LANY-13-lyrics
Me,Summer Walker,2019,195952,https://genius.com/Summer-Walker-Me-lyrics
Drift Away,Steven Universe,2019,270815,https://genius.com/Steven-Universe-Drift-Away-lyrics
B.O.B.,OutKast,2000,405322,https://genius.com/OutKast-BOB-lyrics
Money Over Fallouts,Tory Lanez,2020,231574,https://genius.com/Tory-Lanez-Money-Over-Fallouts-lyrics
RUN UP ON ME,XXXTENTACION,2015,215626,https://genius.com/XXXTENTACION-RUN-UP-ON-ME-lyrics
I Have Questions,Camila Cabello,2017,475442,https://genius.com/Camila-Cabello-I-Have-Questions-lyrics
BTS - Let Go English Translation,Genius English Translations,2018,357383,https://genius.com/Genius-English-Translations-BTS-Let-Go-English-Translation-lyrics
Morph,twenty one pilots,2018,733038,https://genius.com/twenty-one-pilots-Morph-lyrics
Really Be Smokin N Drinkin,YG,2014,229613,https://genius.com/YG-Really-Be-Smokin-N-Drinkin-lyrics
Clocks,Coldplay,2002,342679,https://genius.com/Coldplay-Clocks-lyrics
Love in the Dark,Love in the Dark Lyrics - Adele,2015,279042,https://genius.com/Love-in-the-Dark-Lyrics-Adele-Love-in-the-Dark-lyrics
Mash Up,Soph Aspin,2019,242228,https://genius.com/Soph-Aspin-Mash-Up-lyrics
IFHY,"Tyler, The Creator",2013,1638323,https://genius.com/Tyler-The-Creator-IFHY-lyrics
La La La Brazil 2014,Shakira,2014,259631,https://genius.com/Shakira-La-La-La-Brazil-2014-lyrics
Classic Man,Jidenna,2015,761957,https://genius.com/Jidenna-Classic-Man-lyrics
Two®,Lil Uzi Vert,2017,311598,https://genius.com/Lil-Uzi-Vert-Two®-lyrics
One Day,Tate McRae,2017,829309,https://genius.com/Tate-McRae-One-Day-lyrics
Broken People,Logic & Rag'N'Bone Man,2017,196394,https://genius.com/Logic-RagNBone-Man-Broken-People-lyrics
Fingers Blue,Smokepurpp,2017,217303,https://genius.com/Smokepurpp-Fingers-Blue-lyrics
Wonda Why They Call U Bitch,2Pac,1996,277104,https://genius.com/2Pac-Wonda-Why-They-Call-U-Bitch-lyrics
Boom,Doja Cat,2021,220776,https://genius.com/Doja-Cat-Boom-lyrics
Broken Home,5 Seconds of Summer,2015,199462,https://genius.com/5-Seconds-of-Summer-Broken-Home-lyrics
​trademark usa,Baby Keem,2021,188925,https://genius.com/Baby-Keem-​trademark-usa-lyrics
Little Wing,The Jimi Hendrix Experience,1967,387876,https://genius.com/The-Jimi-Hendrix-Experience-Little-Wing-lyrics
Territorial Pissings,Nirvana,1991,394597,https://genius.com/Nirvana-Territorial-Pissings-lyrics
Pop That,French Montana,2012,1711162,https://genius.com/French-Montana-Pop-That-lyrics
Creeping,Lil Skies,2018,428433,https://genius.com/Lil-Skies-Creeping-lyrics
Somethin Tells Me,Bryson Tiller,2017,212859,https://genius.com/Bryson-Tiller-Somethin-Tells-Me-lyrics
Go Your Own Way,Fleetwood Mac,1977,230759,https://genius.com/Fleetwood-Mac-Go-Your-Own-Way-lyrics
Who Knew,Eminem,2000,436044,https://genius.com/Eminem-Who-Knew-lyrics
Perfume,Lovejoy,2021,265621,https://genius.com/Lovejoy-Perfume-lyrics
Purity,A$AP Rocky,2018,500064,https://genius.com/AAP-Rocky-Purity-lyrics
Break All of the Lights,Childish Gambino,2011,267626,https://genius.com/Childish-Gambino-Break-All-of-the-Lights-lyrics
Na Na,Trey Songz,2014,341090,https://genius.com/Trey-Songz-Na-Na-lyrics
Killing Me Softly With His Song,Fugees,1996,911132,https://genius.com/Fugees-Killing-Me-Softly-With-His-Song-lyrics
Welcome to Jamrock,Damian Marley,2005,230635,https://genius.com/Damian-Marley-Welcome-to-Jamrock-lyrics
Am I Wrong,Nico & Vinz,2013,619132,https://genius.com/Nico-Vinz-Am-I-Wrong-lyrics
Nas Is Like,Nas,1999,450590,https://genius.com/Nas-Nas-Is-Like-lyrics
Over Again,One Direction,2012,234839,https://genius.com/One-Direction-Over-Again-lyrics
Stayin Alive,Bee Gees,1977,485353,https://genius.com/Bee-Gees-Stayin-Alive-lyrics
The Way,Kehlani,2015,923324,https://genius.com/Kehlani-The-Way-lyrics
Lover,Taylor Swift,2019,2085862,https://genius.com/Taylor-Swift-Lover-lyrics
Hate It or Love It,The Game,2005,814465,https://genius.com/The-Game-Hate-It-or-Love-It-lyrics
Small Bump,Ed Sheeran,2012,195594,https://genius.com/Ed-Sheeran-Small-Bump-lyrics
Menace,Quality Control,2017,315535,https://genius.com/Quality-Control-Menace-lyrics
7am on Bridle Path,Drake,2021,678470,https://genius.com/Drake-7am-on-Bridle-Path-lyrics
I like it when you sleep for you are so beautiful yet so unaware of it,"I like it when you sleep, for you are so beautiful yet so unaware of it Lyrics - The 1975",2016,197762,https://genius.com/I-like-it-when-you-sleep-for-you-are-so-beautiful-yet-so-unaware-of-it-Lyrics-The-1975-I-like-it-when-you-sleep-for-you-are-so-beautiful-yet-so-unaware-of-it-lyrics
3WW,alt-J,2017,244880,https://genius.com/altJ-3WW-lyrics
Best Friend,Rex Orange County,2017,1516787,https://genius.com/Rex-Orange-County-Best-Friend-lyrics
Runaway,Kanye West,2010,2556648,https://genius.com/Kanye-West-Runaway-lyrics
LA Devotee,LA Devotee Lyrics - Panic! at the Disco,2015,363448,https://genius.com/LA-Devotee-Lyrics-Panic-at-the-Disco-LA-Devotee-lyrics
Fuck tha Police,N.W.A,1988,2360514,https://genius.com/NWA-Fuck-tha-Police-lyrics
Roses,benny blanco & Juice WRLD,2018,470061,https://genius.com/benny-blanco-Juice-WRLD-Roses-lyrics
List of WWE Superstar Nicknames,WWE,2014,231951,https://genius.com/WWE-List-of-WWE-Superstar-Nicknames-lyrics
Gods  Monsters,Lana Del Rey,2012,469228,https://genius.com/Lana-Del-Rey-Gods-Monsters-lyrics
Before He Cheats,Carrie Underwood,2006,260014,https://genius.com/Carrie-Underwood-Before-He-Cheats-lyrics
A Million Dreams,Ziv Zaifman,2017,3764208,https://genius.com/Ziv-Zaifman-A-Million-Dreams-lyrics
Heat,Eminem,2017,323217,https://genius.com/Eminem-Heat-lyrics
Pure Souls,Kanye West,2021,579694,https://genius.com/Kanye-West-Pure-Souls-lyrics
First Class,Lil Baby,2018,202050,https://genius.com/Lil-Baby-First-Class-lyrics
Your Power,Billie Eilish,2021,1872259,https://genius.com/Billie-Eilish-Your-Power-lyrics
The Glory,Kanye West,2007,393961,https://genius.com/Kanye-West-The-Glory-lyrics
Santa Baby,Eartha Kitt,1953,215543,https://genius.com/Eartha-Kitt-Santa-Baby-lyrics
Body Party,Ciara,2013,301040,https://genius.com/Ciara-Body-Party-lyrics
The End of the World,Skeeter Davis,1962,262014,https://genius.com/Skeeter-Davis-The-End-of-the-World-lyrics
Really Really,Really Really Lyrics - Kevin Gates,2015,628825,https://genius.com/Really-Really-Lyrics-Kevin-Gates-Really-Really-lyrics
Favorite Song,Chance the Rapper,2013,1613348,https://genius.com/Chance-the-Rapper-Favorite-Song-lyrics
Americas Most Blunted,Madvillain,2003,217687,https://genius.com/Madvillain-Americas-Most-Blunted-lyrics
Make You Feel My Love,Adele,2008,433912,https://genius.com/Adele-Make-You-Feel-My-Love-lyrics
Bitchuary,Shordie Shordie,2018,348255,https://genius.com/Shordie-Shordie-Bitchuary-lyrics
The Knife Game Song,Rusty Cage,2011,985090,https://genius.com/Rusty-Cage-The-Knife-Game-Song-lyrics
Ever Since New York,Harry Styles,2017,428067,https://genius.com/Harry-Styles-Ever-Since-New-York-lyrics
The NeverEnding Story,Limahl,1984,194635,https://genius.com/Limahl-The-NeverEnding-Story-lyrics
Doozy,Token,2017,216861,https://genius.com/Token-Doozy-lyrics
Wildest Dreams,Taylor Swift,2014,779076,https://genius.com/Taylor-Swift-Wildest-Dreams-lyrics
Dont Fear The Reaper,Blue yster Cult,1976,252259,https://genius.com/Blue-yster-Cult-Dont-Fear-The-Reaper-lyrics
Jingle Bells,Christmas Songs,1857,2655226,https://genius.com/Christmas-Songs-Jingle-Bells-lyrics
Sex on Fire,Kings of Leon,2008,407475,https://genius.com/Kings-of-Leon-Sex-on-Fire-lyrics
Nate,NF,2019,272706,https://genius.com/NF-Nate-lyrics
Indica Badu,Logic,2018,293512,https://genius.com/Logic-Indica-Badu-lyrics
Swish Swish,Katy Perry,2017,1670284,https://genius.com/Katy-Perry-Swish-Swish-lyrics
Rhiannon,Fleetwood Mac,1975,323195,https://genius.com/Fleetwood-Mac-Rhiannon-lyrics
The Room Where It Happens,"The Room Where It Happens Lyrics - Leslie Odom, Jr., Lin-Manuel Miranda, Daveed Diggs, Okieriete Onaodowan & Original Broadway Cast of ""Hamilton""",2015,1357360,https://genius.com/The-Room-Where-It-Happens-Lyrics-Leslie-Odom-Jr-LinManuel-Miranda-Daveed-Diggs-Okieriete-Onaodowan-Original-Broadway-Cast-of-Hamilton-The-Room-Where-It-Happens-lyrics
​untitled 03 | 05.28.2013.,Kendrick Lamar,2014,647523,https://genius.com/Kendrick-Lamar-​untitled-03-05282013-lyrics
Can We Fix It?,Bob the Builder,2001,211365,https://genius.com/Bob-the-Builder-Can-We-Fix-It-lyrics
Loud Places,Jamie xx,2015,232531,https://genius.com/Jamie-xx-Loud-Places-lyrics
No Mistakes,Kanye West,2018,696839,https://genius.com/Kanye-West-No-Mistakes-lyrics
A Lie,French Montana,2017,191632,https://genius.com/French-Montana-A-Lie-lyrics
The Cave: Season 1 - Episode 5,Kenny Beats,2019,252065,https://genius.com/Kenny-Beats-The-Cave-Season-1-Episode-5-lyrics
Young Jesus,Logic,2015,498572,https://genius.com/Logic-Young-Jesus-lyrics
Ayala Outro,XXXTENTACION,2017,540664,https://genius.com/XXXTENTACION-Ayala-Outro-lyrics
So Bad,Lil Mosey,2016,357825,https://genius.com/Lil-Mosey-So-Bad-lyrics
Pandemic,DR. CREEP,2013,456364,https://genius.com/DR-CREEP-Pandemic-lyrics
​moonlight,Juice WRLD,2017,471712,https://genius.com/Juice-WRLD-​moonlight-lyrics
The Time Is Now,John Cena & Tha Trademarc,2005,213454,https://genius.com/John-Cena-Tha-Trademarc-The-Time-Is-Now-lyrics
Habits Stay High,Tove Lo,2013,1137304,https://genius.com/Tove-Lo-Habits-Stay-High-lyrics
505,Arctic Monkeys,2007,1464384,https://genius.com/Arctic-Monkeys-505-lyrics
Level of Concern,twenty one pilots,2020,580061,https://genius.com/twenty-one-pilots-Level-of-Concern-lyrics
Show Yourself,Idina Menzel & Evan Rachel Wood,2019,1015458,https://genius.com/Idina-Menzel-Evan-Rachel-Wood-Show-Yourself-lyrics
Knuck If You Buck,Crime Mob,2004,206442,https://genius.com/Crime-Mob-Knuck-If-You-Buck-lyrics
Seeing Green,"Nicki Minaj, Drake & Lil Wayne",2021,719396,https://genius.com/Nicki-Minaj-Drake-Lil-Wayne-Seeing-Green-lyrics
Shape of My Heart,Sting,1993,381320,https://genius.com/Sting-Shape-of-My-Heart-lyrics
Sweet Life,Frank Ocean,2012,833054,https://genius.com/Frank-Ocean-Sweet-Life-lyrics
Figaro,Madvillain,2004,461782,https://genius.com/Madvillain-Figaro-lyrics
II. No Exit,Childish Gambino,2013,243249,https://genius.com/Childish-Gambino-II-No-Exit-lyrics
Home,"Machine Gun Kelly, X Ambassadors & Bebe Rexha",2017,808419,https://genius.com/Machine-Gun-Kelly-X-Ambassadors-Bebe-Rexha-Home-lyrics
Plush,Stone Temple Pilots,1992,199615,https://genius.com/Stone-Temple-Pilots-Plush-lyrics
The Rose That Grew From Concrete,2Pac,2000,606456,https://genius.com/2Pac-The-Rose-That-Grew-From-Concrete-lyrics
Forever,Juice WRLD,2015,275916,https://genius.com/Juice-WRLD-Forever-lyrics
Vossi Bop,Stormzy,2019,674891,https://genius.com/Stormzy-Vossi-Bop-lyrics
Enough Said,Aaliyah,2012,312418,https://genius.com/Aaliyah-Enough-Said-lyrics
Lovin You,Minnie Riperton,1975,196231,https://genius.com/Minnie-Riperton-Lovin-You-lyrics
Ritz,Lucii,2020,230930,https://genius.com/Lucii-Ritz-lyrics
Olivia,Olivia Lyrics - One Direction,2015,341959,https://genius.com/Olivia-Lyrics-One-Direction-Olivia-lyrics
Wild Boy,Machine Gun Kelly,2011,472667,https://genius.com/Machine-Gun-Kelly-Wild-Boy-lyrics
Ocean Drive,Ocean Drive Lyrics - Duke Dumont,2015,347778,https://genius.com/Ocean-Drive-Lyrics-Duke-Dumont-Ocean-Drive-lyrics
Jump Around,House of Pain,1992,283854,https://genius.com/House-of-Pain-Jump-Around-lyrics
This Must Be the Place Naive Melody,Talking Heads,1983,357224,https://genius.com/Talking-Heads-This-Must-Be-the-Place-Naive-Melody-lyrics
Carolina,Harry Styles,2017,399867,https://genius.com/Harry-Styles-Carolina-lyrics
Best Friend,SOFI TUKKER,2017,190803,https://genius.com/SOFI-TUKKER-Best-Friend-lyrics
Wake Up in the Sky,"Gucci Mane, Bruno Mars & Kodak Black",2018,787183,https://genius.com/Gucci-Mane-Bruno-Mars-Kodak-Black-Wake-Up-in-the-Sky-lyrics
Andromeda,Gorillaz,2017,365387,https://genius.com/Gorillaz-Andromeda-lyrics
Stay Down,Big Sean,2015,226842,https://genius.com/Big-Sean-Stay-Down-lyrics
Heart of a Lion Kid Cudi Theme Music,Kid Cudi,2009,196726,https://genius.com/Kid-Cudi-Heart-of-a-Lion-Kid-Cudi-Theme-Music-lyrics
Please Notice,Christian Leave,2016,240091,https://genius.com/Christian-Leave-Please-Notice-lyrics
Cheerleader,OMI,2012,237156,https://genius.com/OMI-Cheerleader-lyrics
ALONE PART 3,XXXTENTACION,2018,636084,https://genius.com/XXXTENTACION-ALONE-PART-3-lyrics
​iSpy,KYLE,2016,4673510,https://genius.com/KYLE-​iSpy-lyrics
Runnin,21 Savage & Metro Boomin,2020,372350,https://genius.com/21-Savage-Metro-Boomin-Runnin-lyrics
Kiwi,Harry Styles,2017,991310,https://genius.com/Harry-Styles-Kiwi-lyrics
Call Me,NAV & Metro Boomin,2017,578787,https://genius.com/NAV-Metro-Boomin-Call-Me-lyrics
Numb,Rihanna,2012,199441,https://genius.com/Rihanna-Numb-lyrics
The Hooch,Travis Scott,2016,223746,https://genius.com/Travis-Scott-The-Hooch-lyrics
Hell,A$AP Rocky,2013,277465,https://genius.com/AAP-Rocky-Hell-lyrics
Walls,Louis Tomlinson,2020,228043,https://genius.com/Louis-Tomlinson-Walls-lyrics
Good Drank,2 Chainz,2016,753920,https://genius.com/2-Chainz-Good-Drank-lyrics
The A Team,Ed Sheeran,2011,973860,https://genius.com/Ed-Sheeran-The-A-Team-lyrics
I Serve the Base,I Serve the Base Lyrics - Future,2015,229293,https://genius.com/I-Serve-the-Base-Lyrics-Future-I-Serve-the-Base-lyrics
Wu Tang Forever,Logic,2018,339398,https://genius.com/Logic-Wu-Tang-Forever-lyrics
XO TOUR Llif3,Lil Uzi Vert,2017,8351197,https://genius.com/Lil-Uzi-Vert-XO-TOUR-Llif3-lyrics
Earl,Earl Sweatshirt,2010,726425,https://genius.com/Earl-Sweatshirt-Earl-lyrics
Make You Mine,PUBLIC,2014,663656,https://genius.com/PUBLIC-Make-You-Mine-lyrics
Dollar and a Dream III,J. Cole,2011,333577,https://genius.com/J-Cole-Dollar-and-a-Dream-III-lyrics
Proud Family,Tory Lanez,2017,602036,https://genius.com/Tory-Lanez-Proud-Family-lyrics
Unforgettable,French Montana,2017,3221421,https://genius.com/French-Montana-Unforgettable-lyrics
Used To,Juice WRLD,2018,310455,https://genius.com/Juice-WRLD-Used-To-lyrics
Imma Ride Ridin,Young Thug,2014,473319,https://genius.com/Young-Thug-Imma-Ride-Ridin-lyrics
Cashin Out,Ca$h Out,2011,514778,https://genius.com/Cah-Out-Cashin-Out-lyrics
Replay,Lady Gaga,2020,210702,https://genius.com/Lady-Gaga-Replay-lyrics
Kings Never Die,Eminem,2015,730849,https://genius.com/Eminem-Kings-Never-Die-lyrics
WANTED U,Joji,2018,297381,https://genius.com/Joji-WANTED-U-lyrics
Dont Drop That Thun Thun,Finatticz,2012,192158,https://genius.com/Finatticz-Dont-Drop-That-Thun-Thun-lyrics
No Love,Death Grips,2012,371336,https://genius.com/Death-Grips-No-Love-lyrics
My Fault,Juice WRLD,2017,268069,https://genius.com/Juice-WRLD-My-Fault-lyrics
Campfire Song Song,SpongeBob SquarePants,2005,238389,https://genius.com/SpongeBob-SquarePants-Campfire-Song-Song-lyrics
Bruises,Lewis Capaldi,2017,1057539,https://genius.com/Lewis-Capaldi-Bruises-lyrics
I Dont Wanna Waste My Time,Joji,2017,541338,https://genius.com/Joji-I-Dont-Wanna-Waste-My-Time-lyrics
Nature Boy,"Nat ""King"" Cole",1948,205598,https://genius.com/Nat-King-Cole-Nature-Boy-lyrics
Lie Cheat Steal,Run The Jewels,2014,213980,https://genius.com/Run-The-Jewels-Lie-Cheat-Steal-lyrics
Sittin On The Dock of the Bay,Otis Redding,1968,260191,https://genius.com/Otis-Redding-Sittin-On-The-Dock-of-the-Bay-lyrics
Maps,Yeah Yeah Yeahs,2003,223143,https://genius.com/Yeah-Yeah-Yeahs-Maps-lyrics
Nasty,Skepta,2015,285047,https://genius.com/Skepta-Nasty-lyrics
Love Is Only a Feeling,Joey Bada$$,2017,319027,https://genius.com/Joey-Bada-Love-Is-Only-a-Feeling-lyrics
Cut Her Off Freestyle,Kevin Gates,2014,247152,https://genius.com/Kevin-Gates-Cut-Her-Off-Freestyle-lyrics
Leave Out All the Rest,Linkin Park,2007,202997,https://genius.com/Linkin-Park-Leave-Out-All-the-Rest-lyrics
Peaches,Justin Bieber,2021,1419780,https://genius.com/Justin-Bieber-Peaches-lyrics
Move On,Witt Lowry,2015,252170,https://genius.com/Witt-Lowry-Move-On-lyrics
Truth,Gucci Mane,2012,325689,https://genius.com/Gucci-Mane-Truth-lyrics
Rich  Sad,Post Malone,2018,585240,https://genius.com/Post-Malone-Rich-Sad-lyrics
Ascension,Gorillaz,2017,409600,https://genius.com/Gorillaz-Ascension-lyrics
I’m On Fire,Bruce Springsteen,1984,499836,https://genius.com/Bruce-Springsteen-I’m-On-Fire-lyrics
Loaded Baked Potato,Young Nudy,2017,191422,https://genius.com/Young-Nudy-Loaded-Baked-Potato-lyrics
Slow Motion,Trey Songz,2015,193017,https://genius.com/Trey-Songz-Slow-Motion-lyrics
Losing My Religion,R.E.M.,1991,682823,https://genius.com/REM-Losing-My-Religion-lyrics
GHOST,Kid Cudi,2010,324100,https://genius.com/Kid-Cudi-GHOST-lyrics
Im Not in Love,10cc,1975,209525,https://genius.com/10cc-Im-Not-in-Love-lyrics
Old Me,5 Seconds of Summer,2020,243656,https://genius.com/5-Seconds-of-Summer-Old-Me-lyrics
When I First Laid My Eyes On You,Lyrics Ville,2018,416682,https://genius.com/Lyrics-Ville-When-I-First-Laid-My-Eyes-On-You-lyrics
Mob Ties,Drake,2018,1127421,https://genius.com/Drake-Mob-Ties-lyrics
Bounce Back,Big Sean,2016,2168522,https://genius.com/Big-Sean-Bounce-Back-lyrics
Phases,PRETTYMUCH,2019,245988,https://genius.com/PRETTYMUCH-Phases-lyrics
Say It Aint So,Weezer,1993,1561989,https://genius.com/Weezer-Say-It-Aint-So-lyrics
I dont let go,XXXTENTACION,2018,435557,https://genius.com/XXXTENTACION-I-dont-let-go-lyrics
Who Do You Love,The Chainsmokers & 5 Seconds of Summer,2019,290244,https://genius.com/The-Chainsmokers-5-Seconds-of-Summer-Who-Do-You-Love-lyrics
Show You,Tyga,2013,212343,https://genius.com/Tyga-Show-You-lyrics
Famous,21 Savage,2017,228958,https://genius.com/21-Savage-Famous-lyrics
Dont Let the Sun Go Down on Me,Elton John,1974,330017,https://genius.com/Elton-John-Dont-Let-the-Sun-Go-Down-on-Me-lyrics
Into It,Chase Atlantic,2017,204625,https://genius.com/Chase-Atlantic-Into-It-lyrics
You’re the One That I Want,John Travolta & Olivia Newton-John,1978,336392,https://genius.com/John-Travolta-Olivia-NewtonJohn-You’re-the-One-That-I-Want-lyrics
​i crash u crash,Lil Peep & Lil Tracy,2016,424376,https://genius.com/Lil-Peep-Lil-Tracy-​i-crash-u-crash-lyrics
​the song they played when i crashed into the wall,Lil Peep,2016,258471,https://genius.com/Lil-Peep-​the-song-they-played-when-i-crashed-into-the-wall-lyrics
Down Girl,Roy Woods,2016,199198,https://genius.com/Roy-Woods-Down-Girl-lyrics
BAD,XXXTENTACION,2018,1439131,https://genius.com/XXXTENTACION-BAD-lyrics
Dark Necessities,Red Hot Chili Peppers,2016,427358,https://genius.com/Red-Hot-Chili-Peppers-Dark-Necessities-lyrics
Burning House,Cam,2015,833832,https://genius.com/Cam-Burning-House-lyrics
The Motto,Drake,2011,3544292,https://genius.com/Drake-The-Motto-lyrics
Till I Die,Machine Gun Kelly,2015,257234,https://genius.com/Machine-Gun-Kelly-Till-I-Die-lyrics
L’Manberg National Anthem Extended Version/Finished Symphony,Wilbur Soot,2021,209616,https://genius.com/Wilbur-Soot-L’Manberg-National-Anthem-Extended-VersionFinished-Symphony-lyrics
El Chapo,The Game,2015,707359,https://genius.com/The-Game-El-Chapo-lyrics
Death of a Bachelor,Death of a Bachelor Lyrics - Panic! at the Disco,2015,713043,https://genius.com/Death-of-a-Bachelor-Lyrics-Panic-at-the-Disco-Death-of-a-Bachelor-lyrics
Drinking Out of Cups,Dan Deacon,2003,195654,https://genius.com/Dan-Deacon-Drinking-Out-of-Cups-lyrics
Slipknot,XXXTENTACION,2017,514689,https://genius.com/XXXTENTACION-Slipknot-lyrics
Juicy,The Notorious B.I.G.,1994,3528473,https://genius.com/The-Notorious-BIG-Juicy-lyrics
Greatest,Eminem,2018,1515487,https://genius.com/Eminem-Greatest-lyrics
Off The Grid,Kanye West,2021,1766464,https://genius.com/Kanye-West-Off-The-Grid-lyrics
Exposure,Wilfred Owen,1917,345109,https://genius.com/Wilfred-Owen-Exposure-lyrics
Macbeth Act 1 Scene 1,William Shakespeare,1611,278424,https://genius.com/William-Shakespeare-Macbeth-Act-1-Scene-1-lyrics
2  2  5,Radiohead,2003,204635,https://genius.com/Radiohead-2-2-5-lyrics
Drain You,Nirvana,1991,492976,https://genius.com/Nirvana-Drain-You-lyrics
​hate u love u,Olivia O'Brien,2016,309014,https://genius.com/Olivia-OBrien-​hate-u-love-u-lyrics
Only If You Knew,dutchavelli,2020,218247,https://genius.com/dutchavelli-Only-If-You-Knew-lyrics
Gravel Pit,Wu-Tang Clan,2000,192574,https://genius.com/WuTang-Clan-Gravel-Pit-lyrics
Hey Mama,David Guetta,2015,464780,https://genius.com/David-Guetta-Hey-Mama-lyrics
Somebodys Gotta Die,The Notorious B.I.G.,1997,211825,https://genius.com/The-Notorious-BIG-Somebodys-Gotta-Die-lyrics
Change Ya Life,Haiti Babii,2018,306292,https://genius.com/Haiti-Babii-Change-Ya-Life-lyrics
Lighters,Bad Meets Evil,2011,673638,https://genius.com/Bad-Meets-Evil-Lighters-lyrics
Bali,88GLAM,2017,278780,https://genius.com/88GLAM-Bali-lyrics
​outside,Travis Scott,2016,381539,https://genius.com/Travis-Scott-​outside-lyrics
Hood Gone Love It,Jay Rock,2011,296719,https://genius.com/Jay-Rock-Hood-Gone-Love-It-lyrics
Hercules,Young Thug & Metro Boomin,2015,482405,https://genius.com/Young-Thug-Metro-Boomin-Hercules-lyrics
IU - 에잇 eight ft. SUGA English Translation,Genius English Translations,2020,464424,https://genius.com/Genius-English-Translations-IU-에잇-eight-ft-SUGA-English-Translation-lyrics
Young Dumb  Broke,Khalid,2017,2768540,https://genius.com/Khalid-Young-Dumb-Broke-lyrics
GreyGods,Ramirez,2017,212575,https://genius.com/Ramirez-GreyGods-lyrics
House of Cards,Radiohead,2007,194761,https://genius.com/Radiohead-House-of-Cards-lyrics
ATM,J. Cole,2018,1148707,https://genius.com/J-Cole-ATM-lyrics
Holy Ground,Taylor Swift,2012,400975,https://genius.com/Taylor-Swift-Holy-Ground-lyrics
The Cave,Mumford & Sons,2010,243369,https://genius.com/Mumford-Sons-The-Cave-lyrics
Suddenly,A$AP Rocky,2013,480331,https://genius.com/AAP-Rocky-Suddenly-lyrics
Ignorance is Bliss,Kendrick Lamar,2010,412070,https://genius.com/Kendrick-Lamar-Ignorance-is-Bliss-lyrics
Tamale,"Tyler, The Creator",2013,959024,https://genius.com/Tyler-The-Creator-Tamale-lyrics
Man on the Moon The Anthem,Kid Cudi,2008,420421,https://genius.com/Kid-Cudi-Man-on-the-Moon-The-Anthem-lyrics
Gone,The Weeknd,2011,657079,https://genius.com/The-Weeknd-Gone-lyrics
For Good,Idina Menzel & Kristin Chenoweth,2003,359665,https://genius.com/Idina-Menzel-Kristin-Chenoweth-For-Good-lyrics
Paramedic,SOB X RBE,2018,620075,https://genius.com/SOB-X-RBE-Paramedic-lyrics
Holy Grail,JAY-Z,2013,6303137,https://genius.com/JAYZ-Holy-Grail-lyrics
Im Not Racist,Joyner Lucas,2017,1034879,https://genius.com/Joyner-Lucas-Im-Not-Racist-lyrics
​​ocean eyes,Billie Eilish,2015,1576197,https://genius.com/Billie-Eilish-​​ocean-eyes-lyrics
Breathe In Breathe Out,Kanye West,2004,238610,https://genius.com/Kanye-West-Breathe-In-Breathe-Out-lyrics
Start Again,OneRepublic,2018,212052,https://genius.com/OneRepublic-Start-Again-lyrics
Wish You Were Sober,Conan Gray,2020,196985,https://genius.com/Conan-Gray-Wish-You-Were-Sober-lyrics
Stay,Zedd & Alessia Cara,2017,2043010,https://genius.com/Zedd-Alessia-Cara-Stay-lyrics
HWASA - 마리아 Maria English Translation,Genius English Translations,2020,220740,https://genius.com/Genius-English-Translations-HWASA-마리아-Maria-English-Translation-lyrics
Castle,Macklemore & Ryan Lewis,2012,199103,https://genius.com/Macklemore-Ryan-Lewis-Castle-lyrics
Cheap Thrills Remix,Sia,2016,567938,https://genius.com/Sia-Cheap-Thrills-Remix-lyrics
Up All Night,Drake,2010,541461,https://genius.com/Drake-Up-All-Night-lyrics
Midsummer Madness,"88rising, Joji, Rich Brian & AUGUST 08",2018,759703,https://genius.com/88rising-Joji-Rich-Brian-AUGUST-08-Midsummer-Madness-lyrics
I Fuck Wit You Girl,Rich Homie Quan,2013,430907,https://genius.com/Rich-Homie-Quan-I-Fuck-Wit-You-Girl-lyrics
Sure Thing,Miguel,2010,514724,https://genius.com/Miguel-Sure-Thing-lyrics
​Bubble Gum,Clairo,2015,312657,https://genius.com/Clairo-​Bubble-Gum-lyrics
Face Down,Mustard,2014,207064,https://genius.com/Mustard-Face-Down-lyrics
They Know,Chief Keef,2012,199644,https://genius.com/Chief-Keef-They-Know-lyrics
Just the Way You Are,Bruno Mars,2010,650654,https://genius.com/Bruno-Mars-Just-the-Way-You-Are-lyrics
Blessed,Daniel Caesar,2017,497144,https://genius.com/Daniel-Caesar-Blessed-lyrics
Rasputin,Boney M.,1978,611710,https://genius.com/Boney-M-Rasputin-lyrics
I Spy T Shirt Isnt She Lovely  Swang Mashup,Alex Aiono,2017,194324,https://genius.com/Alex-Aiono-I-Spy-T-Shirt-Isnt-She-Lovely-Swang-Mashup-lyrics
​the 1,Taylor Swift,2020,2003697,https://genius.com/Taylor-Swift-​the-1-lyrics
HEAT,BROCKHAMPTON,2017,381961,https://genius.com/BROCKHAMPTON-HEAT-lyrics
Car Sick,Gunna,2018,223903,https://genius.com/Gunna-Car-Sick-lyrics
Wonton Soup,Lil B,2010,378329,https://genius.com/Lil-B-Wonton-Soup-lyrics
Ball For Me,Post Malone,2018,459583,https://genius.com/Post-Malone-Ball-For-Me-lyrics
​toxic city ☣,Lil Peep,2015,253648,https://genius.com/Lil-Peep-​toxic-city-☣-lyrics
Something Special,Pop Smoke,2020,369716,https://genius.com/Pop-Smoke-Something-Special-lyrics
BTS - Trivia 起: Just Dance English Translation,Genius English Translations,2018,190526,https://genius.com/Genius-English-Translations-BTS-Trivia-起-Just-Dance-English-Translation-lyrics
I Want to Write You a Song,I Want to Write You a Song Lyrics - One Direction,2015,187793,https://genius.com/I-Want-to-Write-You-a-Song-Lyrics-One-Direction-I-Want-to-Write-You-a-Song-lyrics
OTW,DJ Luke Nasty,2016,347885,https://genius.com/DJ-Luke-Nasty-OTW-lyrics
Amen,Meek Mill,2012,905954,https://genius.com/Meek-Mill-Amen-lyrics
Let It All Work Out,Lil Wayne,2018,341645,https://genius.com/Lil-Wayne-Let-It-All-Work-Out-lyrics
Blinded by Your Grace Pt. 2,Stormzy,2017,293305,https://genius.com/Stormzy-Blinded-by-Your-Grace-Pt-2-lyrics
Still Softish,Josh Richards,2020,233928,https://genius.com/Josh-Richards-Still-Softish-lyrics
Buy a Heart,Nicki Minaj,2014,564161,https://genius.com/Nicki-Minaj-Buy-a-Heart-lyrics
Nervous,Shawn Mendes,2018,264917,https://genius.com/Shawn-Mendes-Nervous-lyrics
Downtown,Petula Clark,1964,191126,https://genius.com/Petula-Clark-Downtown-lyrics
Sad Song,We the Kings,2013,200711,https://genius.com/We-the-Kings-Sad-Song-lyrics
DHL,Frank Ocean,2019,649366,https://genius.com/Frank-Ocean-DHL-lyrics
Miss Me,Drake,2010,931648,https://genius.com/Drake-Miss-Me-lyrics
Lotta That,G-Eazy,2014,243390,https://genius.com/GEazy-Lotta-That-lyrics
My Type of Party,DOM KENNEDY,2012,200331,https://genius.com/DOM-KENNEDY-My-Type-of-Party-lyrics
Vienna,Billy Joel,1977,559500,https://genius.com/Billy-Joel-Vienna-lyrics
Yah Mean,Playboi Carti,2017,198819,https://genius.com/Playboi-Carti-Yah-Mean-lyrics
Fuck Wit Dre Day And Everybody’s Celebratin’,Dr. Dre,1993,566210,https://genius.com/Dr-Dre-Fuck-Wit-Dre-Day-And-Everybody’s-Celebratin’-lyrics
Close to Me,Ellie Goulding & Diplo,2018,283426,https://genius.com/Ellie-Goulding-Diplo-Close-to-Me-lyrics
This Womans Work,Maxwell,2001,197575,https://genius.com/Maxwell-This-Womans-Work-lyrics
Can I,Kehlani,2020,373784,https://genius.com/Kehlani-Can-I-lyrics
Whuss the Deal,Shoreline Mafia,2017,211533,https://genius.com/Shoreline-Mafia-Whuss-the-Deal-lyrics
Free Lunch,Isaiah Rashad,2016,289932,https://genius.com/Isaiah-Rashad-Free-Lunch-lyrics
Lemon Tree,Fool's Garden,1995,307021,https://genius.com/Fools-Garden-Lemon-Tree-lyrics
Steve Jobs vs Bill Gates,Epic Rap Battles of History,2012,458641,https://genius.com/Epic-Rap-Battles-of-History-Steve-Jobs-vs-Bill-Gates-lyrics
Say Something,Justin Timberlake,2018,661243,https://genius.com/Justin-Timberlake-Say-Something-lyrics
​the light is coming,Ariana Grande,2018,849214,https://genius.com/Ariana-Grande-​the-light-is-coming-lyrics
To Kill a Mockingbird Atticus Finchs closing speech,Harper Lee,1960,373435,https://genius.com/Harper-Lee-To-Kill-a-Mockingbird-Atticus-Finchs-closing-speech-lyrics
BBO Bad Bitches Only,Migos,2018,324646,https://genius.com/Migos-BBO-Bad-Bitches-Only-lyrics
Carousel,Melanie Martinez,2014,278976,https://genius.com/Melanie-Martinez-Carousel-lyrics
Too Much to Ask,Niall Horan,2017,618326,https://genius.com/Niall-Horan-Too-Much-to-Ask-lyrics
Hurricane,"Lin-Manuel Miranda & Original Broadway Cast of ""Hamilton""",2015,583798,https://genius.com/LinManuel-Miranda-Original-Broadway-Cast-of-Hamilton-Hurricane-lyrics
Valerie,The Weeknd,2012,698737,https://genius.com/The-Weeknd-Valerie-lyrics
Hats Off,"Lil Baby, Lil Durk & Travis Scott",2021,206042,https://genius.com/Lil-Baby-Lil-Durk-Travis-Scott-Hats-Off-lyrics
Sunday Candy,Donnie Trumpet & The Social Experiment,2014,1823130,https://genius.com/Donnie-Trumpet-The-Social-Experiment-Sunday-Candy-lyrics
Jungle,Drake,2015,2613578,https://genius.com/Drake-Jungle-lyrics
To This Day,Shane Koyczan,2013,826314,https://genius.com/Shane-Koyczan-To-This-Day-lyrics
Chain Smoker,Chance the Rapper,2013,679830,https://genius.com/Chance-the-Rapper-Chain-Smoker-lyrics
Everything Will Be OK,G-Eazy,2015,513707,https://genius.com/GEazy-Everything-Will-Be-OK-lyrics
Numbers on the Boards,Pusha T,2013,454720,https://genius.com/Pusha-T-Numbers-on-the-Boards-lyrics
Imaginary Player,JAY-Z,1997,190902,https://genius.com/JAYZ-Imaginary-Player-lyrics
Down With the Sickness,Disturbed,2000,249688,https://genius.com/Disturbed-Down-With-the-Sickness-lyrics
Sit Next to Me,Foster the People,2017,301359,https://genius.com/Foster-the-People-Sit-Next-to-Me-lyrics
BTS - Make It Right Remix ft. Lauv English Translation,Genius English Translations,2019,463276,https://genius.com/Genius-English-Translations-BTS-Make-It-Right-Remix-ft-Lauv-English-Translation-lyrics
Laugh Now Cry Later,Drake,2020,1324950,https://genius.com/Drake-Laugh-Now-Cry-Later-lyrics
Yeah I Said It,Rihanna,2016,509763,https://genius.com/Rihanna-Yeah-I-Said-It-lyrics
Brand New Guy,A$AP Rocky,2011,651792,https://genius.com/AAP-Rocky-Brand-New-Guy-lyrics
Have You Ever Seen the Rain?,Creedence Clearwater Revival,1970,468949,https://genius.com/Creedence-Clearwater-Revival-Have-You-Ever-Seen-the-Rain-lyrics
Lane Boy,twenty one pilots,2015,565138,https://genius.com/twenty-one-pilots-Lane-Boy-lyrics
Jackie and Wilson,Hozier,2014,275048,https://genius.com/Hozier-Jackie-and-Wilson-lyrics
Jump Out the Window,Big Sean,2017,454085,https://genius.com/Big-Sean-Jump-Out-the-Window-lyrics
Holy Ghost,A$AP Rocky,2015,370995,https://genius.com/AAP-Rocky-Holy-Ghost-lyrics
War,Drake,2019,1369009,https://genius.com/Drake-War-lyrics
Shutdown,Skepta,2015,960130,https://genius.com/Skepta-Shutdown-lyrics
Hot,Young Thug,2019,790336,https://genius.com/Young-Thug-Hot-lyrics
Litty,Meek Mill,2016,608504,https://genius.com/Meek-Mill-Litty-lyrics
Higgs,Frank Ocean,2016,345227,https://genius.com/Frank-Ocean-Higgs-lyrics
Im Good Dedication 5,Lil Wayne,2013,362437,https://genius.com/Lil-Wayne-Im-Good-Dedication-5-lyrics
Man in the Box,Alice in Chains,1990,198672,https://genius.com/Alice-in-Chains-Man-in-the-Box-lyrics
Finesse,Bruno Mars,2016,579643,https://genius.com/Bruno-Mars-Finesse-lyrics
Fallen Kingdom,CaptainSparklez,2012,306637,https://genius.com/CaptainSparklez-Fallen-Kingdom-lyrics
Come and See Me,PARTYNEXTDOOR,2016,2406837,https://genius.com/PARTYNEXTDOOR-Come-and-See-Me-lyrics
734,Juice WRLD,2021,224352,https://genius.com/Juice-WRLD-734-lyrics
​oui,Jeremih,2015,1044861,https://genius.com/Jeremih-​oui-lyrics
Family Feud,Lil Wayne,2017,348173,https://genius.com/Lil-Wayne-Family-Feud-lyrics
Serial Killer,Lana Del Rey,2012,212325,https://genius.com/Lana-Del-Rey-Serial-Killer-lyrics
Notorious Thugs,The Notorious B.I.G.,1997,973834,https://genius.com/The-Notorious-BIG-Notorious-Thugs-lyrics
Chi-Raq,Nicki Minaj & G Herbo,2014,578051,https://genius.com/Nicki-Minaj-G-Herbo-ChiRaq-lyrics
Know Yourself,Drake,2015,5182394,https://genius.com/Drake-Know-Yourself-lyrics
Yellow,Coldplay,2000,1190805,https://genius.com/Coldplay-Yellow-lyrics
Stuck On You,GIVON,2020,314045,https://genius.com/GIVON-Stuck-On-You-lyrics
SAN MARCOS,BROCKHAMPTON,2018,236560,https://genius.com/BROCKHAMPTON-SAN-MARCOS-lyrics
Fergalicious,Fergie,2006,733874,https://genius.com/Fergie-Fergalicious-lyrics
It Takes Time,Trippie Redd,2017,494514,https://genius.com/Trippie-Redd-It-Takes-Time-lyrics
Above the Clouds,Gang Starr,1998,228507,https://genius.com/Gang-Starr-Above-the-Clouds-lyrics
​i turned a bad copypasta into a bad rap,Senzawa,2018,1641225,https://genius.com/Senzawa-​i-turned-a-bad-copypasta-into-a-bad-rap-lyrics
Worth It,YK Osiris,2019,272589,https://genius.com/YK-Osiris-Worth-It-lyrics
Lola,The Kinks,1970,303010,https://genius.com/The-Kinks-Lola-lyrics
John Redcorn,SiR,2019,209000,https://genius.com/SiR-John-Redcorn-lyrics
Burning and Itching,Lovely Peaches,2017,323465,https://genius.com/Lovely-Peaches-Burning-and-Itching-lyrics
Lil Pump,Lil Pump,2016,404852,https://genius.com/Lil-Pump-Lil-Pump-lyrics
No Auto Durk,Only The Family,2018,663630,https://genius.com/Only-The-Family-No-Auto-Durk-lyrics
Sucker for Pain,"Lil Wayne, Wiz Khalifa, Imagine Dragons, Logic & Ty Dolla $ign",2016,1418983,https://genius.com/Lil-Wayne-Wiz-Khalifa-Imagine-Dragons-Logic-Ty-Dolla-ign-Sucker-for-Pain-lyrics
I want it I need it Death Heated,Death Grips,2011,260339,https://genius.com/Death-Grips-I-want-it-I-need-it-Death-Heated-lyrics
Bandz A Make Her Dance,Juicy J,2012,441537,https://genius.com/Juicy-J-Bandz-A-Make-Her-Dance-lyrics
Diet Mountain Dew,Lana Del Rey,2011,315018,https://genius.com/Lana-Del-Rey-Diet-Mountain-Dew-lyrics
Sweatshirt,Jacob Sartorius,2016,261577,https://genius.com/Jacob-Sartorius-Sweatshirt-lyrics
​R.E.M,Ariana Grande,2018,1089084,https://genius.com/Ariana-Grande-​REM-lyrics
Resume,Lil Tjay,2018,393290,https://genius.com/Lil-Tjay-Resume-lyrics
The Phantom of the Opera,Andrew Lloyd Webber,1987,789078,https://genius.com/Andrew-Lloyd-Webber-The-Phantom-of-the-Opera-lyrics
Time,NF,2019,533469,https://genius.com/NF-Time-lyrics
RENTAL,BROCKHAMPTON,2017,454461,https://genius.com/BROCKHAMPTON-RENTAL-lyrics
Murder Was the Case Death After Visualizing Eternity,Snoop Dogg,1993,251240,https://genius.com/Snoop-Dogg-Murder-Was-the-Case-Death-After-Visualizing-Eternity-lyrics
On The Ground,ROS,2021,917302,https://genius.com/ROS-On-The-Ground-lyrics
I Just Wanna Party,YG,2014,320490,https://genius.com/YG-I-Just-Wanna-Party-lyrics
Mood,24kGoldn,2020,851920,https://genius.com/24kGoldn-Mood-lyrics
El Chombo - Dame Tu Cosita ft. Cutty Ranks English Translation,Genius English Translations,2018,453547,https://genius.com/Genius-English-Translations-El-Chombo-Dame-Tu-Cosita-ft-Cutty-Ranks-English-Translation-lyrics
I Know,Yo Gotti,2013,264335,https://genius.com/Yo-Gotti-I-Know-lyrics
Survival,Drake,2018,676924,https://genius.com/Drake-Survival-lyrics
GOSHA,$NOT,2018,312162,https://genius.com/NOT-GOSHA-lyrics
Beach Life-in-Death 2018,Car Seat Headrest,2017,274346,https://genius.com/Car-Seat-Headrest-Beach-LifeinDeath-2018-lyrics
Mr. Roboto,Styx,1983,205304,https://genius.com/Styx-Mr-Roboto-lyrics
Breezeblocks,alt-J,2012,1403504,https://genius.com/altJ-Breezeblocks-lyrics
Walk Thru,Rich Homie Quan,2013,328826,https://genius.com/Rich-Homie-Quan-Walk-Thru-lyrics
Crisis,Joshua Bassett,2021,194579,https://genius.com/Joshua-Bassett-Crisis-lyrics
Always on Time,Ja Rule,2001,227533,https://genius.com/Ja-Rule-Always-on-Time-lyrics
Strip That Down,Liam Payne,2017,1621801,https://genius.com/Liam-Payne-Strip-That-Down-lyrics
Reply,A Boogie wit da Hoodie,2019,209091,https://genius.com/A-Boogie-wit-da-Hoodie-Reply-lyrics
Put Your Head on My Shoulder,Paul Anka,1959,390991,https://genius.com/Paul-Anka-Put-Your-Head-on-My-Shoulder-lyrics
Nina Cried Power,Hozier,2018,440112,https://genius.com/Hozier-Nina-Cried-Power-lyrics
Cornerstone,Arctic Monkeys,2009,338348,https://genius.com/Arctic-Monkeys-Cornerstone-lyrics
Tumblr Girls,G-Eazy,2014,589791,https://genius.com/GEazy-Tumblr-Girls-lyrics
Just a Dream,Nelly,2010,198600,https://genius.com/Nelly-Just-a-Dream-lyrics
Two Weeks,FKA twigs,2014,784029,https://genius.com/FKA-twigs-Two-Weeks-lyrics
Let It Grow,The Lorax Singers,2012,204743,https://genius.com/The-Lorax-Singers-Let-It-Grow-lyrics
Keith Ape - It G Ma English Translation,Genius English Translations,2015,510067,https://genius.com/Genius-English-Translations-Keith-Ape-It-G-Ma-English-Translation-lyrics
Nasty,Logic,2013,196104,https://genius.com/Logic-Nasty-lyrics
